timeStamp,elapsed,label,responseCode,responseMessage,threadName,dataType,success,bytes,Latency
1359076396856,155,BSF Sampler,200,OK,Lily Group (distinct records) 2-1,text,true,0,0
1359076397035,5,NOOP Sampler (needed for the postprocessor to work),200,OK,Lily Group (distinct records) 2-1,text,true,54207,0
1359076397077,14,NOOP Sampler (needed for the postprocessor to work),200,OK,Lily Group (distinct records) 2-1,text,true,54207,0
1359076397150,3,NOOP Sampler (needed for the postprocessor to work),200,OK,Lily Group (distinct records) 2-1,text,true,54207,0
1359076397183,5,NOOP Sampler (needed for the postprocessor to work),200,OK,Lily Group (distinct records) 2-1,text,true,54207,0
1359076397215,5,NOOP Sampler (needed for the postprocessor to work),200,OK,Lily Group (distinct records) 2-1,text,true,54207,0
1359076397246,5,NOOP Sampler (needed for the postprocessor to work),200,OK,Lily Group (distinct records) 2-1,text,true,54207,0
1359076397285,6,NOOP Sampler (needed for the postprocessor to work),200,OK,Lily Group (distinct records) 2-1,text,true,54207,0
1359076397319,15,NOOP Sampler (needed for the postprocessor to work),200,OK,Lily Group (distinct records) 2-1,text,true,54207,0
1359076397378,14,NOOP Sampler (needed for the postprocessor to work),200,OK,Lily Group (distinct records) 2-1,text,true,54207,0
1359076397419,5,NOOP Sampler (needed for the postprocessor to work),200,OK,Lily Group (distinct records) 2-1,text,true,54207,0
1359076397450,13,NOOP Sampler (needed for the postprocessor to work),200,OK,Lily Group (distinct records) 2-1,text,true,54207,0
1359076397489,13,NOOP Sampler (needed for the postprocessor to work),200,OK,Lily Group (distinct records) 2-1,text,true,54207,0
1359076397535,5,NOOP Sampler (needed for the postprocessor to work),200,OK,Lily Group (distinct records) 2-1,text,true,54207,0
1359076397565,7,NOOP Sampler (needed for the postprocessor to work),200,OK,Lily Group (distinct records) 2-1,text,true,54207,0
1359076397611,8,NOOP Sampler (needed for the postprocessor to work),200,OK,Lily Group (distinct records) 2-1,text,true,54207,0
1359076397645,12,NOOP Sampler (needed for the postprocessor to work),200,OK,Lily Group (distinct records) 2-1,text,true,54207,0
1359076397719,4,NOOP Sampler (needed for the postprocessor to work),200,OK,Lily Group (distinct records) 2-1,text,true,54207,0
1359076397762,1,NOOP Sampler (needed for the postprocessor to work),200,OK,Lily Group (distinct records) 2-1,text,true,54207,0
1359076397788,1,NOOP Sampler (needed for the postprocessor to work),200,OK,Lily Group (distinct records) 2-1,text,true,54207,0
1359076397813,1,NOOP Sampler (needed for the postprocessor to work),200,OK,Lily Group (distinct records) 2-1,text,true,54207,0
1359076397840,1,NOOP Sampler (needed for the postprocessor to work),200,OK,Lily Group (distinct records) 2-1,text,true,54207,0
1359076397866,1,NOOP Sampler (needed for the postprocessor to work),200,OK,Lily Group (distinct records) 2-1,text,true,54207,0
1359076397900,2,NOOP Sampler (needed for the postprocessor to work),200,OK,Lily Group (distinct records) 2-1,text,true,54207,0
1359076397930,58,NOOP Sampler (needed for the postprocessor to work),200,OK,Lily Group (distinct records) 2-1,text,true,54207,0
1359076398014,1,NOOP Sampler (needed for the postprocessor to work),200,OK,Lily Group (distinct records) 2-1,text,true,54207,0
1359076398040,1,NOOP Sampler (needed for the postprocessor to work),200,OK,Lily Group (distinct records) 2-1,text,true,54207,0
1359076398065,2,NOOP Sampler (needed for the postprocessor to work),200,OK,Lily Group (distinct records) 2-1,text,true,54207,0
1359076398091,2,NOOP Sampler (needed for the postprocessor to work),200,OK,Lily Group (distinct records) 2-1,text,true,54207,0
1359076398117,1,NOOP Sampler (needed for the postprocessor to work),200,OK,Lily Group (distinct records) 2-1,text,true,54207,0
1359076398142,1,NOOP Sampler (needed for the postprocessor to work),200,OK,Lily Group (distinct records) 2-1,text,true,54207,0
1359076398174,1,NOOP Sampler (needed for the postprocessor to work),200,OK,Lily Group (distinct records) 2-1,text,true,54207,0
1359076398200,1,NOOP Sampler (needed for the postprocessor to work),200,OK,Lily Group (distinct records) 2-1,text,true,54207,0
1359076398226,1,NOOP Sampler (needed for the postprocessor to work),200,OK,Lily Group (distinct records) 2-1,text,true,54207,0
1359076398251,1,NOOP Sampler (needed for the postprocessor to work),200,OK,Lily Group (distinct records) 2-1,text,true,54207,0
1359076398277,1,NOOP Sampler (needed for the postprocessor to work),200,OK,Lily Group (distinct records) 2-1,text,true,54207,0
1359076398316,2,NOOP Sampler (needed for the postprocessor to work),200,OK,Lily Group (distinct records) 2-1,text,true,54207,0
1359076398357,1,NOOP Sampler (needed for the postprocessor to work),200,OK,Lily Group (distinct records) 2-1,text,true,54207,0
1359076398388,2,NOOP Sampler (needed for the postprocessor to work),200,OK,Lily Group (distinct records) 2-1,text,true,54207,0
1359076398414,1,NOOP Sampler (needed for the postprocessor to work),200,OK,Lily Group (distinct records) 2-1,text,true,54207,0
1359076398440,1,NOOP Sampler (needed for the postprocessor to work),200,OK,Lily Group (distinct records) 2-1,text,true,54207,0
1359076398466,1,NOOP Sampler (needed for the postprocessor to work),200,OK,Lily Group (distinct records) 2-1,text,true,54207,0
1359076398492,1,NOOP Sampler (needed for the postprocessor to work),200,OK,Lily Group (distinct records) 2-1,text,true,54207,0
1359076398519,1,NOOP Sampler (needed for the postprocessor to work),200,OK,Lily Group (distinct records) 2-1,text,true,54207,0
1359076398544,1,NOOP Sampler (needed for the postprocessor to work),200,OK,Lily Group (distinct records) 2-1,text,true,54207,0
1359076398570,1,NOOP Sampler (needed for the postprocessor to work),200,OK,Lily Group (distinct records) 2-1,text,true,54207,0
1359076398596,1,NOOP Sampler (needed for the postprocessor to work),200,OK,Lily Group (distinct records) 2-1,text,true,54207,0
1359076398622,1,NOOP Sampler (needed for the postprocessor to work),200,OK,Lily Group (distinct records) 2-1,text,true,54207,0
1359076398647,1,NOOP Sampler (needed for the postprocessor to work),200,OK,Lily Group (distinct records) 2-1,text,true,54207,0
1359076398688,2,NOOP Sampler (needed for the postprocessor to work),200,OK,Lily Group (distinct records) 2-1,text,true,54207,0
1359076398770,1,NOOP Sampler (needed for the postprocessor to work),200,OK,Lily Group (distinct records) 2-1,text,true,54207,0
1359076398803,1,NOOP Sampler (needed for the postprocessor to work),200,OK,Lily Group (distinct records) 2-1,text,true,54207,0
1359076398829,1,NOOP Sampler (needed for the postprocessor to work),200,OK,Lily Group (distinct records) 2-1,text,true,54207,0
1359076398854,1,NOOP Sampler (needed for the postprocessor to work),200,OK,Lily Group (distinct records) 2-1,text,true,54207,0
1359076398880,1,NOOP Sampler (needed for the postprocessor to work),200,OK,Lily Group (distinct records) 2-1,text,true,54207,0
1359076398906,1,NOOP Sampler (needed for the postprocessor to work),200,OK,Lily Group (distinct records) 2-1,text,true,54207,0
1359076398931,1,NOOP Sampler (needed for the postprocessor to work),200,OK,Lily Group (distinct records) 2-1,text,true,54207,0
1359076398956,1,NOOP Sampler (needed for the postprocessor to work),200,OK,Lily Group (distinct records) 2-1,text,true,54207,0
1359076398982,1,NOOP Sampler (needed for the postprocessor to work),200,OK,Lily Group (distinct records) 2-1,text,true,54207,0
1359076399023,3,NOOP Sampler (needed for the postprocessor to work),200,OK,Lily Group (distinct records) 2-1,text,true,54207,0
1359076399052,1,NOOP Sampler (needed for the postprocessor to work),200,OK,Lily Group (distinct records) 2-1,text,true,54207,0
1359076399077,1,NOOP Sampler (needed for the postprocessor to work),200,OK,Lily Group (distinct records) 2-1,text,true,54207,0
1359076399103,1,NOOP Sampler (needed for the postprocessor to work),200,OK,Lily Group (distinct records) 2-1,text,true,54207,0
1359076399129,1,NOOP Sampler (needed for the postprocessor to work),200,OK,Lily Group (distinct records) 2-1,text,true,54207,0
1359076399154,1,NOOP Sampler (needed for the postprocessor to work),200,OK,Lily Group (distinct records) 2-1,text,true,54207,0
1359076399180,1,NOOP Sampler (needed for the postprocessor to work),200,OK,Lily Group (distinct records) 2-1,text,true,54207,0
1359076399206,1,NOOP Sampler (needed for the postprocessor to work),200,OK,Lily Group (distinct records) 2-1,text,true,54207,0
1359076399241,1,NOOP Sampler (needed for the postprocessor to work),200,OK,Lily Group (distinct records) 2-1,text,true,54207,0
1359076399267,1,NOOP Sampler (needed for the postprocessor to work),200,OK,Lily Group (distinct records) 2-1,text,true,54207,0
1359076399293,1,NOOP Sampler (needed for the postprocessor to work),200,OK,Lily Group (distinct records) 2-1,text,true,54207,0
1359076399318,1,NOOP Sampler (needed for the postprocessor to work),200,OK,Lily Group (distinct records) 2-1,text,true,54207,0
1359076399344,1,NOOP Sampler (needed for the postprocessor to work),200,OK,Lily Group (distinct records) 2-1,text,true,54216,0
1359076399370,1,NOOP Sampler (needed for the postprocessor to work),200,OK,Lily Group (distinct records) 2-1,text,true,54207,0
1359076399400,1,NOOP Sampler (needed for the postprocessor to work),200,OK,Lily Group (distinct records) 2-1,text,true,54207,0
1359076399426,1,NOOP Sampler (needed for the postprocessor to work),200,OK,Lily Group (distinct records) 2-1,text,true,54207,0
1359076399515,1,NOOP Sampler (needed for the postprocessor to work),200,OK,Lily Group (distinct records) 2-1,text,true,54207,0
1359076399542,1,NOOP Sampler (needed for the postprocessor to work),200,OK,Lily Group (distinct records) 2-1,text,true,54207,0
1359076399568,1,NOOP Sampler (needed for the postprocessor to work),200,OK,Lily Group (distinct records) 2-1,text,true,54207,0
1359076399594,1,NOOP Sampler (needed for the postprocessor to work),200,OK,Lily Group (distinct records) 2-1,text,true,54207,0
1359076399619,1,NOOP Sampler (needed for the postprocessor to work),200,OK,Lily Group (distinct records) 2-1,text,true,54207,0
1359076399646,1,NOOP Sampler (needed for the postprocessor to work),200,OK,Lily Group (distinct records) 2-1,text,true,54207,0
1359076399674,1,NOOP Sampler (needed for the postprocessor to work),200,OK,Lily Group (distinct records) 2-1,text,true,54207,0
1359076399702,1,NOOP Sampler (needed for the postprocessor to work),200,OK,Lily Group (distinct records) 2-1,text,true,54207,0
1359076399730,1,NOOP Sampler (needed for the postprocessor to work),200,OK,Lily Group (distinct records) 2-1,text,true,54207,0
1359076399756,1,NOOP Sampler (needed for the postprocessor to work),200,OK,Lily Group (distinct records) 2-1,text,true,54207,0
1359076399782,1,NOOP Sampler (needed for the postprocessor to work),200,OK,Lily Group (distinct records) 2-1,text,true,54207,0
1359076399807,1,NOOP Sampler (needed for the postprocessor to work),200,OK,Lily Group (distinct records) 2-1,text,true,54207,0
1359076399833,1,NOOP Sampler (needed for the postprocessor to work),200,OK,Lily Group (distinct records) 2-1,text,true,54207,0
1359076399858,1,NOOP Sampler (needed for the postprocessor to work),200,OK,Lily Group (distinct records) 2-1,text,true,54207,0
1359076399884,1,NOOP Sampler (needed for the postprocessor to work),200,OK,Lily Group (distinct records) 2-1,text,true,54207,0
1359076399910,1,NOOP Sampler (needed for the postprocessor to work),200,OK,Lily Group (distinct records) 2-1,text,true,54207,0
1359076399946,1,NOOP Sampler (needed for the postprocessor to work),200,OK,Lily Group (distinct records) 2-1,text,true,54207,0
1359076399972,1,NOOP Sampler (needed for the postprocessor to work),200,OK,Lily Group (distinct records) 2-1,text,true,54207,0
1359076399998,1,NOOP Sampler (needed for the postprocessor to work),200,OK,Lily Group (distinct records) 2-1,text,true,54207,0
1359076400024,1,NOOP Sampler (needed for the postprocessor to work),200,OK,Lily Group (distinct records) 2-1,text,true,54207,0
1359076400050,1,NOOP Sampler (needed for the postprocessor to work),200,OK,Lily Group (distinct records) 2-1,text,true,54207,0
1359076400076,1,NOOP Sampler (needed for the postprocessor to work),200,OK,Lily Group (distinct records) 2-1,text,true,54207,0
1359076400116,2,NOOP Sampler (needed for the postprocessor to work),200,OK,Lily Group (distinct records) 2-1,text,true,54207,0
1359076400143,1,NOOP Sampler (needed for the postprocessor to work),200,OK,Lily Group (distinct records) 2-1,text,true,54207,0
1359076400169,1,NOOP Sampler (needed for the postprocessor to work),200,OK,Lily Group (distinct records) 2-1,text,true,54207,0
1359076400255,1,NOOP Sampler (needed for the postprocessor to work),200,OK,Lily Group (distinct records) 2-1,text,true,54207,0
1359076400281,1,NOOP Sampler (needed for the postprocessor to work),200,OK,Lily Group (distinct records) 2-1,text,true,54207,0
1359076400316,2,NOOP Sampler (needed for the postprocessor to work),200,OK,Lily Group (distinct records) 2-1,text,true,54207,0
1359076400347,1,NOOP Sampler (needed for the postprocessor to work),200,OK,Lily Group (distinct records) 2-1,text,true,54207,0
1359076400373,1,NOOP Sampler (needed for the postprocessor to work),200,OK,Lily Group (distinct records) 2-1,text,true,54207,0
1359076400402,1,NOOP Sampler (needed for the postprocessor to work),200,OK,Lily Group (distinct records) 2-1,text,true,54207,0
1359076400427,1,NOOP Sampler (needed for the postprocessor to work),200,OK,Lily Group (distinct records) 2-1,text,true,54207,0
1359076400453,1,NOOP Sampler (needed for the postprocessor to work),200,OK,Lily Group (distinct records) 2-1,text,true,54207,0
1359076400478,1,NOOP Sampler (needed for the postprocessor to work),200,OK,Lily Group (distinct records) 2-1,text,true,54207,0
1359076400504,1,NOOP Sampler (needed for the postprocessor to work),200,OK,Lily Group (distinct records) 2-1,text,true,54207,0
1359076400539,2,NOOP Sampler (needed for the postprocessor to work),200,OK,Lily Group (distinct records) 2-1,text,true,54207,0
1359076400570,1,NOOP Sampler (needed for the postprocessor to work),200,OK,Lily Group (distinct records) 2-1,text,true,54207,0
1359076400596,1,NOOP Sampler (needed for the postprocessor to work),200,OK,Lily Group (distinct records) 2-1,text,true,54207,0
1359076400631,1,NOOP Sampler (needed for the postprocessor to work),200,OK,Lily Group (distinct records) 2-1,text,true,54207,0
1359076400657,1,NOOP Sampler (needed for the postprocessor to work),200,OK,Lily Group (distinct records) 2-1,text,true,54207,0
1359076400682,1,NOOP Sampler (needed for the postprocessor to work),200,OK,Lily Group (distinct records) 2-1,text,true,54207,0
1359076400708,1,NOOP Sampler (needed for the postprocessor to work),200,OK,Lily Group (distinct records) 2-1,text,true,54207,0
1359076400733,1,NOOP Sampler (needed for the postprocessor to work),200,OK,Lily Group (distinct records) 2-1,text,true,54207,0
1359076400773,2,NOOP Sampler (needed for the postprocessor to work),200,OK,Lily Group (distinct records) 2-1,text,true,54207,0
1359076400802,1,NOOP Sampler (needed for the postprocessor to work),200,OK,Lily Group (distinct records) 2-1,text,true,54207,0
1359076400827,1,NOOP Sampler (needed for the postprocessor to work),200,OK,Lily Group (distinct records) 2-1,text,true,54207,0
1359076400853,1,NOOP Sampler (needed for the postprocessor to work),200,OK,Lily Group (distinct records) 2-1,text,true,54207,0
1359076400878,1,NOOP Sampler (needed for the postprocessor to work),200,OK,Lily Group (distinct records) 2-1,text,true,54207,0
1359076400903,1,NOOP Sampler (needed for the postprocessor to work),200,OK,Lily Group (distinct records) 2-1,text,true,54207,0
1359076400929,1,NOOP Sampler (needed for the postprocessor to work),200,OK,Lily Group (distinct records) 2-1,text,true,54207,0
1359076401010,1,NOOP Sampler (needed for the postprocessor to work),200,OK,Lily Group (distinct records) 2-1,text,true,54207,0
1359076401053,2,NOOP Sampler (needed for the postprocessor to work),200,OK,Lily Group (distinct records) 2-1,text,true,54207,0
1359076401082,1,NOOP Sampler (needed for the postprocessor to work),200,OK,Lily Group (distinct records) 2-1,text,true,54207,0
1359076401108,1,NOOP Sampler (needed for the postprocessor to work),200,OK,Lily Group (distinct records) 2-1,text,true,54207,0
1359076401133,1,NOOP Sampler (needed for the postprocessor to work),200,OK,Lily Group (distinct records) 2-1,text,true,54207,0
1359076401159,1,NOOP Sampler (needed for the postprocessor to work),200,OK,Lily Group (distinct records) 2-1,text,true,54207,0
1359076401191,1,NOOP Sampler (needed for the postprocessor to work),200,OK,Lily Group (distinct records) 2-1,text,true,54207,0
1359076401218,1,NOOP Sampler (needed for the postprocessor to work),200,OK,Lily Group (distinct records) 2-1,text,true,54207,0
1359076401249,1,NOOP Sampler (needed for the postprocessor to work),200,OK,Lily Group (distinct records) 2-1,text,true,54207,0
1359076401283,1,NOOP Sampler (needed for the postprocessor to work),200,OK,Lily Group (distinct records) 2-1,text,true,54207,0
1359076401312,1,NOOP Sampler (needed for the postprocessor to work),200,OK,Lily Group (distinct records) 2-1,text,true,54207,0
1359076401338,1,NOOP Sampler (needed for the postprocessor to work),200,OK,Lily Group (distinct records) 2-1,text,true,54207,0
1359076401363,1,NOOP Sampler (needed for the postprocessor to work),200,OK,Lily Group (distinct records) 2-1,text,true,54207,0
1359076401394,1,NOOP Sampler (needed for the postprocessor to work),200,OK,Lily Group (distinct records) 2-1,text,true,54207,0
1359076401419,1,NOOP Sampler (needed for the postprocessor to work),200,OK,Lily Group (distinct records) 2-1,text,true,54207,0
1359076401445,1,NOOP Sampler (needed for the postprocessor to work),200,OK,Lily Group (distinct records) 2-1,text,true,54207,0
1359076401470,1,NOOP Sampler (needed for the postprocessor to work),200,OK,Lily Group (distinct records) 2-1,text,true,54207,0
1359076401504,2,NOOP Sampler (needed for the postprocessor to work),200,OK,Lily Group (distinct records) 2-1,text,true,54207,0
1359076401531,1,NOOP Sampler (needed for the postprocessor to work),200,OK,Lily Group (distinct records) 2-1,text,true,54207,0
1359076401556,1,NOOP Sampler (needed for the postprocessor to work),200,OK,Lily Group (distinct records) 2-1,text,true,54207,0
1359076401582,1,NOOP Sampler (needed for the postprocessor to work),200,OK,Lily Group (distinct records) 2-1,text,true,54207,0
1359076401608,1,NOOP Sampler (needed for the postprocessor to work),200,OK,Lily Group (distinct records) 2-1,text,true,54207,0
1359076401633,1,NOOP Sampler (needed for the postprocessor to work),200,OK,Lily Group (distinct records) 2-1,text,true,54207,0
1359076401666,1,NOOP Sampler (needed for the postprocessor to work),200,OK,Lily Group (distinct records) 2-1,text,true,54207,0
1359076401694,55,NOOP Sampler (needed for the postprocessor to work),200,OK,Lily Group (distinct records) 2-1,text,true,54207,0
1359076401779,2,NOOP Sampler (needed for the postprocessor to work),200,OK,Lily Group (distinct records) 2-1,text,true,54207,0
1359076401810,1,NOOP Sampler (needed for the postprocessor to work),200,OK,Lily Group (distinct records) 2-1,text,true,54207,0
1359076401853,1,NOOP Sampler (needed for the postprocessor to work),200,OK,Lily Group (distinct records) 2-1,text,true,54207,0
1359076401879,1,NOOP Sampler (needed for the postprocessor to work),200,OK,Lily Group (distinct records) 2-1,text,true,54207,0
1359076401905,1,NOOP Sampler (needed for the postprocessor to work),200,OK,Lily Group (distinct records) 2-1,text,true,54207,0
1359076401930,1,NOOP Sampler (needed for the postprocessor to work),200,OK,Lily Group (distinct records) 2-1,text,true,54207,0
1359076401956,1,NOOP Sampler (needed for the postprocessor to work),200,OK,Lily Group (distinct records) 2-1,text,true,54207,0
1359076401981,1,NOOP Sampler (needed for the postprocessor to work),200,OK,Lily Group (distinct records) 2-1,text,true,54207,0
1359076402006,1,NOOP Sampler (needed for the postprocessor to work),200,OK,Lily Group (distinct records) 2-1,text,true,54207,0
1359076402030,1,NOOP Sampler (needed for the postprocessor to work),200,OK,Lily Group (distinct records) 2-1,text,true,54207,0
1359076402065,1,NOOP Sampler (needed for the postprocessor to work),200,OK,Lily Group (distinct records) 2-1,text,true,54207,0
1359076402091,1,NOOP Sampler (needed for the postprocessor to work),200,OK,Lily Group (distinct records) 2-1,text,true,54207,0
1359076402116,1,NOOP Sampler (needed for the postprocessor to work),200,OK,Lily Group (distinct records) 2-1,text,true,54207,0
1359076402141,1,NOOP Sampler (needed for the postprocessor to work),200,OK,Lily Group (distinct records) 2-1,text,true,54207,0
1359076402166,1,NOOP Sampler (needed for the postprocessor to work),200,OK,Lily Group (distinct records) 2-1,text,true,54207,0
1359076402192,1,NOOP Sampler (needed for the postprocessor to work),200,OK,Lily Group (distinct records) 2-1,text,true,54207,0
1359076402217,1,NOOP Sampler (needed for the postprocessor to work),200,OK,Lily Group (distinct records) 2-1,text,true,54207,0
1359076402242,1,NOOP Sampler (needed for the postprocessor to work),200,OK,Lily Group (distinct records) 2-1,text,true,54207,0
1359076402276,1,NOOP Sampler (needed for the postprocessor to work),200,OK,Lily Group (distinct records) 2-1,text,true,54207,0
1359076402302,1,NOOP Sampler (needed for the postprocessor to work),200,OK,Lily Group (distinct records) 2-1,text,true,54207,0
1359076402327,1,NOOP Sampler (needed for the postprocessor to work),200,OK,Lily Group (distinct records) 2-1,text,true,54207,0
1359076402352,1,NOOP Sampler (needed for the postprocessor to work),200,OK,Lily Group (distinct records) 2-1,text,true,54207,0
1359076402377,1,NOOP Sampler (needed for the postprocessor to work),200,OK,Lily Group (distinct records) 2-1,text,true,54207,0
1359076402404,1,NOOP Sampler (needed for the postprocessor to work),200,OK,Lily Group (distinct records) 2-1,text,true,54207,0
1359076402484,1,NOOP Sampler (needed for the postprocessor to work),200,OK,Lily Group (distinct records) 2-1,text,true,54207,0
1359076402509,1,NOOP Sampler (needed for the postprocessor to work),200,OK,Lily Group (distinct records) 2-1,text,true,54207,0
1359076402544,2,NOOP Sampler (needed for the postprocessor to work),200,OK,Lily Group (distinct records) 2-1,text,true,54207,0
1359076402572,1,NOOP Sampler (needed for the postprocessor to work),200,OK,Lily Group (distinct records) 2-1,text,true,54207,0
1359076402597,1,NOOP Sampler (needed for the postprocessor to work),200,OK,Lily Group (distinct records) 2-1,text,true,54207,0
1359076402623,1,NOOP Sampler (needed for the postprocessor to work),200,OK,Lily Group (distinct records) 2-1,text,true,54207,0
1359076402648,1,NOOP Sampler (needed for the postprocessor to work),200,OK,Lily Group (distinct records) 2-1,text,true,54207,0
1359076402674,1,NOOP Sampler (needed for the postprocessor to work),200,OK,Lily Group (distinct records) 2-1,text,true,54207,0
1359076402699,2,NOOP Sampler (needed for the postprocessor to work),200,OK,Lily Group (distinct records) 2-1,text,true,54207,0
1359076402725,1,NOOP Sampler (needed for the postprocessor to work),200,OK,Lily Group (distinct records) 2-1,text,true,54207,0
1359076402750,1,NOOP Sampler (needed for the postprocessor to work),200,OK,Lily Group (distinct records) 2-1,text,true,54207,0
1359076402776,1,NOOP Sampler (needed for the postprocessor to work),200,OK,Lily Group (distinct records) 2-1,text,true,54207,0
1359076402801,1,NOOP Sampler (needed for the postprocessor to work),200,OK,Lily Group (distinct records) 2-1,text,true,54207,0
1359076402826,1,NOOP Sampler (needed for the postprocessor to work),200,OK,Lily Group (distinct records) 2-1,text,true,54207,0
1359076402852,1,NOOP Sampler (needed for the postprocessor to work),200,OK,Lily Group (distinct records) 2-1,text,true,54207,0
1359076402878,1,NOOP Sampler (needed for the postprocessor to work),200,OK,Lily Group (distinct records) 2-1,text,true,54207,0
1359076402903,1,NOOP Sampler (needed for the postprocessor to work),200,OK,Lily Group (distinct records) 2-1,text,true,54207,0
1359076402928,1,NOOP Sampler (needed for the postprocessor to work),200,OK,Lily Group (distinct records) 2-1,text,true,54207,0
1359076402952,1,NOOP Sampler (needed for the postprocessor to work),200,OK,Lily Group (distinct records) 2-1,text,true,54207,0
1359076402977,1,NOOP Sampler (needed for the postprocessor to work),200,OK,Lily Group (distinct records) 2-1,text,true,54207,0
1359076403002,1,NOOP Sampler (needed for the postprocessor to work),200,OK,Lily Group (distinct records) 2-1,text,true,54207,0
1359076403026,1,NOOP Sampler (needed for the postprocessor to work),200,OK,Lily Group (distinct records) 2-1,text,true,54207,0
1359076403051,1,NOOP Sampler (needed for the postprocessor to work),200,OK,Lily Group (distinct records) 2-1,text,true,54207,0
1359076403076,1,NOOP Sampler (needed for the postprocessor to work),200,OK,Lily Group (distinct records) 2-1,text,true,54207,0
1359076403100,1,NOOP Sampler (needed for the postprocessor to work),200,OK,Lily Group (distinct records) 2-1,text,true,54207,0
1359076403191,1,NOOP Sampler (needed for the postprocessor to work),200,OK,Lily Group (distinct records) 2-1,text,true,54207,0
1359076403233,9,NOOP Sampler (needed for the postprocessor to work),200,OK,Lily Group (distinct records) 2-1,text,true,54207,0
1359076403286,1,NOOP Sampler (needed for the postprocessor to work),200,OK,Lily Group (distinct records) 2-1,text,true,54207,0
1359076403915,1,NOOP Sampler (needed for the postprocessor to work),200,OK,Lily Group (distinct records) 2-1,text,true,54207,0
1359076403992,1,NOOP Sampler (needed for the postprocessor to work),200,OK,Lily Group (distinct records) 2-1,text,true,54207,0
1359076404017,1,NOOP Sampler (needed for the postprocessor to work),200,OK,Lily Group (distinct records) 2-1,text,true,54207,0
1359076404299,1,NOOP Sampler (needed for the postprocessor to work),200,OK,Lily Group (distinct records) 2-1,text,true,54207,0
1359076404343,1,NOOP Sampler (needed for the postprocessor to work),200,OK,Lily Group (distinct records) 2-1,text,true,54207,0
1359076404369,1,NOOP Sampler (needed for the postprocessor to work),200,OK,Lily Group (distinct records) 2-1,text,true,54207,0
1359076404397,1,NOOP Sampler (needed for the postprocessor to work),200,OK,Lily Group (distinct records) 2-1,text,true,54207,0
1359076404422,1,NOOP Sampler (needed for the postprocessor to work),200,OK,Lily Group (distinct records) 2-1,text,true,54207,0
1359076404459,1,NOOP Sampler (needed for the postprocessor to work),200,OK,Lily Group (distinct records) 2-1,text,true,54207,0
1359076404490,1,NOOP Sampler (needed for the postprocessor to work),200,OK,Lily Group (distinct records) 2-1,text,true,54207,0
1359076404519,1,NOOP Sampler (needed for the postprocessor to work),200,OK,Lily Group (distinct records) 2-1,text,true,54207,0
1359076404552,1,NOOP Sampler (needed for the postprocessor to work),200,OK,Lily Group (distinct records) 2-1,text,true,54207,0
1359076404580,1,NOOP Sampler (needed for the postprocessor to work),200,OK,Lily Group (distinct records) 2-1,text,true,54207,0
1359076404606,1,NOOP Sampler (needed for the postprocessor to work),200,OK,Lily Group (distinct records) 2-1,text,true,54207,0
1359076404633,1,NOOP Sampler (needed for the postprocessor to work),200,OK,Lily Group (distinct records) 2-1,text,true,54207,0
1359076404665,1,NOOP Sampler (needed for the postprocessor to work),200,OK,Lily Group (distinct records) 2-1,text,true,54207,0
1359076404798,1,NOOP Sampler (needed for the postprocessor to work),200,OK,Lily Group (distinct records) 2-1,text,true,54207,0
1359076404832,1,NOOP Sampler (needed for the postprocessor to work),200,OK,Lily Group (distinct records) 2-1,text,true,54207,0
1359076404859,1,NOOP Sampler (needed for the postprocessor to work),200,OK,Lily Group (distinct records) 2-1,text,true,54207,0
1359076404885,1,NOOP Sampler (needed for the postprocessor to work),200,OK,Lily Group (distinct records) 2-1,text,true,54207,0
1359076404916,1,NOOP Sampler (needed for the postprocessor to work),200,OK,Lily Group (distinct records) 2-1,text,true,54207,0
1359076405000,1,NOOP Sampler (needed for the postprocessor to work),200,OK,Lily Group (distinct records) 2-1,text,true,54207,0
1359076405026,1,NOOP Sampler (needed for the postprocessor to work),200,OK,Lily Group (distinct records) 2-1,text,true,54207,0
1359076405079,3,NOOP Sampler (needed for the postprocessor to work),200,OK,Lily Group (distinct records) 2-1,text,true,54207,0
1359076405119,1,NOOP Sampler (needed for the postprocessor to work),200,OK,Lily Group (distinct records) 2-1,text,true,54207,0
1359076405150,1,NOOP Sampler (needed for the postprocessor to work),200,OK,Lily Group (distinct records) 2-1,text,true,54207,0
1359076405175,1,NOOP Sampler (needed for the postprocessor to work),200,OK,Lily Group (distinct records) 2-1,text,true,54207,0
1359076405202,1,NOOP Sampler (needed for the postprocessor to work),200,OK,Lily Group (distinct records) 2-1,text,true,54207,0
1359076405425,1,NOOP Sampler (needed for the postprocessor to work),200,OK,Lily Group (distinct records) 2-1,text,true,54207,0
1359076405450,1,NOOP Sampler (needed for the postprocessor to work),200,OK,Lily Group (distinct records) 2-1,text,true,54207,0
1359076405475,1,NOOP Sampler (needed for the postprocessor to work),200,OK,Lily Group (distinct records) 2-1,text,true,54207,0
1359076405500,1,NOOP Sampler (needed for the postprocessor to work),200,OK,Lily Group (distinct records) 2-1,text,true,54207,0
1359076405544,2,NOOP Sampler (needed for the postprocessor to work),200,OK,Lily Group (distinct records) 2-1,text,true,54207,0
1359076405573,1,NOOP Sampler (needed for the postprocessor to work),200,OK,Lily Group (distinct records) 2-1,text,true,54207,0
1359076405597,1,NOOP Sampler (needed for the postprocessor to work),200,OK,Lily Group (distinct records) 2-1,text,true,54207,0
1359076405623,1,NOOP Sampler (needed for the postprocessor to work),200,OK,Lily Group (distinct records) 2-1,text,true,54207,0
1359076405648,1,NOOP Sampler (needed for the postprocessor to work),200,OK,Lily Group (distinct records) 2-1,text,true,54207,0
1359076405673,1,NOOP Sampler (needed for the postprocessor to work),200,OK,Lily Group (distinct records) 2-1,text,true,54207,0
1359076405698,1,NOOP Sampler (needed for the postprocessor to work),200,OK,Lily Group (distinct records) 2-1,text,true,54207,0
1359076405723,1,NOOP Sampler (needed for the postprocessor to work),200,OK,Lily Group (distinct records) 2-1,text,true,54207,0
1359076405765,2,NOOP Sampler (needed for the postprocessor to work),200,OK,Lily Group (distinct records) 2-1,text,true,54207,0
1359076405809,2,NOOP Sampler (needed for the postprocessor to work),200,OK,Lily Group (distinct records) 2-1,text,true,54207,0
1359076405841,1,NOOP Sampler (needed for the postprocessor to work),200,OK,Lily Group (distinct records) 2-1,text,true,54207,0
1359076405866,1,NOOP Sampler (needed for the postprocessor to work),200,OK,Lily Group (distinct records) 2-1,text,true,54207,0
1359076405891,0,NOOP Sampler (needed for the postprocessor to work),200,OK,Lily Group (distinct records) 2-1,text,true,54207,0
1359076405915,1,NOOP Sampler (needed for the postprocessor to work),200,OK,Lily Group (distinct records) 2-1,text,true,54207,0
1359076406006,1,NOOP Sampler (needed for the postprocessor to work),200,OK,Lily Group (distinct records) 2-1,text,true,54207,0
1359076406035,1,NOOP Sampler (needed for the postprocessor to work),200,OK,Lily Group (distinct records) 2-1,text,true,54207,0
1359076406060,1,NOOP Sampler (needed for the postprocessor to work),200,OK,Lily Group (distinct records) 2-1,text,true,54207,0
1359076406086,1,NOOP Sampler (needed for the postprocessor to work),200,OK,Lily Group (distinct records) 2-1,text,true,54207,0
1359076406111,1,NOOP Sampler (needed for the postprocessor to work),200,OK,Lily Group (distinct records) 2-1,text,true,54207,0
1359076406138,1,NOOP Sampler (needed for the postprocessor to work),200,OK,Lily Group (distinct records) 2-1,text,true,54207,0
1359076406163,1,NOOP Sampler (needed for the postprocessor to work),200,OK,Lily Group (distinct records) 2-1,text,true,54207,0
1359076406188,1,NOOP Sampler (needed for the postprocessor to work),200,OK,Lily Group (distinct records) 2-1,text,true,54207,0
1359076406226,2,NOOP Sampler (needed for the postprocessor to work),200,OK,Lily Group (distinct records) 2-1,text,true,54207,0
1359076406259,1,NOOP Sampler (needed for the postprocessor to work),200,OK,Lily Group (distinct records) 2-1,text,true,54207,0
1359076406284,1,NOOP Sampler (needed for the postprocessor to work),200,OK,Lily Group (distinct records) 2-1,text,true,54207,0
1359076406311,1,NOOP Sampler (needed for the postprocessor to work),200,OK,Lily Group (distinct records) 2-1,text,true,54207,0
1359076406336,1,NOOP Sampler (needed for the postprocessor to work),200,OK,Lily Group (distinct records) 2-1,text,true,54207,0
1359076406361,1,NOOP Sampler (needed for the postprocessor to work),200,OK,Lily Group (distinct records) 2-1,text,true,54207,0
1359076406385,1,NOOP Sampler (needed for the postprocessor to work),200,OK,Lily Group (distinct records) 2-1,text,true,54207,0
1359076406411,1,NOOP Sampler (needed for the postprocessor to work),200,OK,Lily Group (distinct records) 2-1,text,true,54207,0
1359076406453,2,NOOP Sampler (needed for the postprocessor to work),200,OK,Lily Group (distinct records) 2-1,text,true,54207,0
1359076406483,1,NOOP Sampler (needed for the postprocessor to work),200,OK,Lily Group (distinct records) 2-1,text,true,54207,0
1359076406508,1,NOOP Sampler (needed for the postprocessor to work),200,OK,Lily Group (distinct records) 2-1,text,true,54207,0
1359076406534,1,NOOP Sampler (needed for the postprocessor to work),200,OK,Lily Group (distinct records) 2-1,text,true,54207,0
1359076406560,1,NOOP Sampler (needed for the postprocessor to work),200,OK,Lily Group (distinct records) 2-1,text,true,54207,0
1359076406585,1,NOOP Sampler (needed for the postprocessor to work),200,OK,Lily Group (distinct records) 2-1,text,true,54207,0
1359076406610,1,NOOP Sampler (needed for the postprocessor to work),200,OK,Lily Group (distinct records) 2-1,text,true,54207,0
1359076406635,1,NOOP Sampler (needed for the postprocessor to work),200,OK,Lily Group (distinct records) 2-1,text,true,54207,0
1359076406675,2,NOOP Sampler (needed for the postprocessor to work),200,OK,Lily Group (distinct records) 2-1,text,true,54207,0
1359076406763,1,NOOP Sampler (needed for the postprocessor to work),200,OK,Lily Group (distinct records) 2-1,text,true,54207,0
1359076406789,1,NOOP Sampler (needed for the postprocessor to work),200,OK,Lily Group (distinct records) 2-1,text,true,54207,0
1359076406815,1,NOOP Sampler (needed for the postprocessor to work),200,OK,Lily Group (distinct records) 2-1,text,true,54207,0
1359076406841,1,NOOP Sampler (needed for the postprocessor to work),200,OK,Lily Group (distinct records) 2-1,text,true,54207,0
1359076406866,1,NOOP Sampler (needed for the postprocessor to work),200,OK,Lily Group (distinct records) 2-1,text,true,54207,0
1359076406892,1,NOOP Sampler (needed for the postprocessor to work),200,OK,Lily Group (distinct records) 2-1,text,true,54207,0
1359076406918,1,NOOP Sampler (needed for the postprocessor to work),200,OK,Lily Group (distinct records) 2-1,text,true,54207,0
1359076406944,1,NOOP Sampler (needed for the postprocessor to work),200,OK,Lily Group (distinct records) 2-1,text,true,54207,0
1359076406971,1,NOOP Sampler (needed for the postprocessor to work),200,OK,Lily Group (distinct records) 2-1,text,true,54207,0
1359076407001,2,NOOP Sampler (needed for the postprocessor to work),200,OK,Lily Group (distinct records) 2-1,text,true,54207,0
1359076407031,1,NOOP Sampler (needed for the postprocessor to work),200,OK,Lily Group (distinct records) 2-1,text,true,54207,0
1359076407058,2,NOOP Sampler (needed for the postprocessor to work),200,OK,Lily Group (distinct records) 2-1,text,true,54207,0
1359076407091,1,NOOP Sampler (needed for the postprocessor to work),200,OK,Lily Group (distinct records) 2-1,text,true,54207,0
1359076407117,1,NOOP Sampler (needed for the postprocessor to work),200,OK,Lily Group (distinct records) 2-1,text,true,54207,0
1359076407143,1,NOOP Sampler (needed for the postprocessor to work),200,OK,Lily Group (distinct records) 2-1,text,true,54207,0
1359076407169,1,NOOP Sampler (needed for the postprocessor to work),200,OK,Lily Group (distinct records) 2-1,text,true,54207,0
1359076407194,1,NOOP Sampler (needed for the postprocessor to work),200,OK,Lily Group (distinct records) 2-1,text,true,54207,0
1359076407220,1,NOOP Sampler (needed for the postprocessor to work),200,OK,Lily Group (distinct records) 2-1,text,true,54207,0
1359076407247,1,NOOP Sampler (needed for the postprocessor to work),200,OK,Lily Group (distinct records) 2-1,text,true,54207,0
1359076407275,1,NOOP Sampler (needed for the postprocessor to work),200,OK,Lily Group (distinct records) 2-1,text,true,54207,0
1359076407300,1,NOOP Sampler (needed for the postprocessor to work),200,OK,Lily Group (distinct records) 2-1,text,true,54207,0
1359076407326,1,NOOP Sampler (needed for the postprocessor to work),200,OK,Lily Group (distinct records) 2-1,text,true,54207,0
1359076407351,1,NOOP Sampler (needed for the postprocessor to work),200,OK,Lily Group (distinct records) 2-1,text,true,54207,0
1359076407377,1,NOOP Sampler (needed for the postprocessor to work),200,OK,Lily Group (distinct records) 2-1,text,true,54207,0
1359076407405,1,NOOP Sampler (needed for the postprocessor to work),200,OK,Lily Group (distinct records) 2-1,text,true,54207,0
1359076407486,1,NOOP Sampler (needed for the postprocessor to work),200,OK,Lily Group (distinct records) 2-1,text,true,54207,0
1359076407512,1,NOOP Sampler (needed for the postprocessor to work),200,OK,Lily Group (distinct records) 2-1,text,true,54207,0
1359076407539,1,NOOP Sampler (needed for the postprocessor to work),200,OK,Lily Group (distinct records) 2-1,text,true,54207,0
1359076407565,1,NOOP Sampler (needed for the postprocessor to work),200,OK,Lily Group (distinct records) 2-1,text,true,54207,0
1359076407591,1,NOOP Sampler (needed for the postprocessor to work),200,OK,Lily Group (distinct records) 2-1,text,true,54207,0
1359076407617,1,NOOP Sampler (needed for the postprocessor to work),200,OK,Lily Group (distinct records) 2-1,text,true,54207,0
1359076407651,2,NOOP Sampler (needed for the postprocessor to work),200,OK,Lily Group (distinct records) 2-1,text,true,54207,0
1359076407680,2,NOOP Sampler (needed for the postprocessor to work),200,OK,Lily Group (distinct records) 2-1,text,true,54207,0
1359076407706,1,NOOP Sampler (needed for the postprocessor to work),200,OK,Lily Group (distinct records) 2-1,text,true,54207,0
1359076407731,1,NOOP Sampler (needed for the postprocessor to work),200,OK,Lily Group (distinct records) 2-1,text,true,54207,0
1359076407756,1,NOOP Sampler (needed for the postprocessor to work),200,OK,Lily Group (distinct records) 2-1,text,true,54207,0
1359076407782,1,NOOP Sampler (needed for the postprocessor to work),200,OK,Lily Group (distinct records) 2-1,text,true,54207,0
1359076407808,1,NOOP Sampler (needed for the postprocessor to work),200,OK,Lily Group (distinct records) 2-1,text,true,54207,0
1359076407834,1,NOOP Sampler (needed for the postprocessor to work),200,OK,Lily Group (distinct records) 2-1,text,true,54207,0
1359076407865,1,NOOP Sampler (needed for the postprocessor to work),200,OK,Lily Group (distinct records) 2-1,text,true,54207,0
1359076407892,1,NOOP Sampler (needed for the postprocessor to work),200,OK,Lily Group (distinct records) 2-1,text,true,54207,0
1359076407918,1,NOOP Sampler (needed for the postprocessor to work),200,OK,Lily Group (distinct records) 2-1,text,true,54207,0
1359076407943,1,NOOP Sampler (needed for the postprocessor to work),200,OK,Lily Group (distinct records) 2-1,text,true,54207,0
1359076407972,1,NOOP Sampler (needed for the postprocessor to work),200,OK,Lily Group (distinct records) 2-1,text,true,54207,0
1359076407997,1,NOOP Sampler (needed for the postprocessor to work),200,OK,Lily Group (distinct records) 2-1,text,true,54207,0
1359076408022,1,NOOP Sampler (needed for the postprocessor to work),200,OK,Lily Group (distinct records) 2-1,text,true,54207,0
1359076408048,1,NOOP Sampler (needed for the postprocessor to work),200,OK,Lily Group (distinct records) 2-1,text,true,54207,0
1359076408073,1,NOOP Sampler (needed for the postprocessor to work),200,OK,Lily Group (distinct records) 2-1,text,true,54207,0
1359076408099,1,NOOP Sampler (needed for the postprocessor to work),200,OK,Lily Group (distinct records) 2-1,text,true,54207,0
1359076408124,54,NOOP Sampler (needed for the postprocessor to work),200,OK,Lily Group (distinct records) 2-1,text,true,54207,0
1359076408214,3,NOOP Sampler (needed for the postprocessor to work),200,OK,Lily Group (distinct records) 2-1,text,true,54207,0
1359076408243,1,NOOP Sampler (needed for the postprocessor to work),200,OK,Lily Group (distinct records) 2-1,text,true,54207,0
1359076408269,1,NOOP Sampler (needed for the postprocessor to work),200,OK,Lily Group (distinct records) 2-1,text,true,54207,0
1359076408295,1,NOOP Sampler (needed for the postprocessor to work),200,OK,Lily Group (distinct records) 2-1,text,true,54207,0
1359076408321,1,NOOP Sampler (needed for the postprocessor to work),200,OK,Lily Group (distinct records) 2-1,text,true,54207,0
1359076408347,1,NOOP Sampler (needed for the postprocessor to work),200,OK,Lily Group (distinct records) 2-1,text,true,54207,0
1359076408373,1,NOOP Sampler (needed for the postprocessor to work),200,OK,Lily Group (distinct records) 2-1,text,true,54207,0
1359076408406,1,NOOP Sampler (needed for the postprocessor to work),200,OK,Lily Group (distinct records) 2-1,text,true,54207,0
1359076408432,2,NOOP Sampler (needed for the postprocessor to work),200,OK,Lily Group (distinct records) 2-1,text,true,54207,0
1359076408459,1,NOOP Sampler (needed for the postprocessor to work),200,OK,Lily Group (distinct records) 2-1,text,true,54207,0
1359076408485,1,NOOP Sampler (needed for the postprocessor to work),200,OK,Lily Group (distinct records) 2-1,text,true,54207,0
1359076408510,1,NOOP Sampler (needed for the postprocessor to work),200,OK,Lily Group (distinct records) 2-1,text,true,54207,0
1359076408536,1,NOOP Sampler (needed for the postprocessor to work),200,OK,Lily Group (distinct records) 2-1,text,true,54207,0
1359076408563,1,NOOP Sampler (needed for the postprocessor to work),200,OK,Lily Group (distinct records) 2-1,text,true,54207,0
1359076408589,1,NOOP Sampler (needed for the postprocessor to work),200,OK,Lily Group (distinct records) 2-1,text,true,54207,0
1359076408615,1,NOOP Sampler (needed for the postprocessor to work),200,OK,Lily Group (distinct records) 2-1,text,true,54207,0
1359076408641,1,NOOP Sampler (needed for the postprocessor to work),200,OK,Lily Group (distinct records) 2-1,text,true,54211,0
1359076408666,1,NOOP Sampler (needed for the postprocessor to work),200,OK,Lily Group (distinct records) 2-1,text,true,54207,0
1359076408692,1,NOOP Sampler (needed for the postprocessor to work),200,OK,Lily Group (distinct records) 2-1,text,true,54207,0
1359076408716,1,NOOP Sampler (needed for the postprocessor to work),200,OK,Lily Group (distinct records) 2-1,text,true,54207,0
1359076408741,1,NOOP Sampler (needed for the postprocessor to work),200,OK,Lily Group (distinct records) 2-1,text,true,54207,0
1359076408766,1,NOOP Sampler (needed for the postprocessor to work),200,OK,Lily Group (distinct records) 2-1,text,true,54207,0
1359076408790,1,NOOP Sampler (needed for the postprocessor to work),200,OK,Lily Group (distinct records) 2-1,text,true,54207,0
1359076408815,1,NOOP Sampler (needed for the postprocessor to work),200,OK,Lily Group (distinct records) 2-1,text,true,54207,0
1359076408842,1,NOOP Sampler (needed for the postprocessor to work),200,OK,Lily Group (distinct records) 2-1,text,true,54207,0
1359076408923,3,NOOP Sampler (needed for the postprocessor to work),200,OK,Lily Group (distinct records) 2-1,text,true,54207,0
1359076408952,1,NOOP Sampler (needed for the postprocessor to work),200,OK,Lily Group (distinct records) 2-1,text,true,54207,0
1359076408980,1,NOOP Sampler (needed for the postprocessor to work),200,OK,Lily Group (distinct records) 2-1,text,true,54207,0
1359076409006,0,NOOP Sampler (needed for the postprocessor to work),200,OK,Lily Group (distinct records) 2-1,text,true,54207,0
1359076409033,3,NOOP Sampler (needed for the postprocessor to work),200,OK,Lily Group (distinct records) 2-1,text,true,54207,0
1359076409062,1,NOOP Sampler (needed for the postprocessor to work),200,OK,Lily Group (distinct records) 2-1,text,true,54207,0
1359076409088,1,NOOP Sampler (needed for the postprocessor to work),200,OK,Lily Group (distinct records) 2-1,text,true,54207,0
1359076409114,1,NOOP Sampler (needed for the postprocessor to work),200,OK,Lily Group (distinct records) 2-1,text,true,54207,0
1359076409139,1,NOOP Sampler (needed for the postprocessor to work),200,OK,Lily Group (distinct records) 2-1,text,true,54207,0
1359076409164,2,NOOP Sampler (needed for the postprocessor to work),200,OK,Lily Group (distinct records) 2-1,text,true,54207,0
1359076409190,1,NOOP Sampler (needed for the postprocessor to work),200,OK,Lily Group (distinct records) 2-1,text,true,54207,0
1359076409215,1,NOOP Sampler (needed for the postprocessor to work),200,OK,Lily Group (distinct records) 2-1,text,true,54207,0
1359076409241,1,NOOP Sampler (needed for the postprocessor to work),200,OK,Lily Group (distinct records) 2-1,text,true,54207,0
1359076409267,1,NOOP Sampler (needed for the postprocessor to work),200,OK,Lily Group (distinct records) 2-1,text,true,54207,0
1359076409293,1,NOOP Sampler (needed for the postprocessor to work),200,OK,Lily Group (distinct records) 2-1,text,true,54207,0
1359076409319,1,NOOP Sampler (needed for the postprocessor to work),200,OK,Lily Group (distinct records) 2-1,text,true,54207,0
1359076409346,1,NOOP Sampler (needed for the postprocessor to work),200,OK,Lily Group (distinct records) 2-1,text,true,54207,0
1359076409372,1,NOOP Sampler (needed for the postprocessor to work),200,OK,Lily Group (distinct records) 2-1,text,true,54207,0
1359076409397,1,NOOP Sampler (needed for the postprocessor to work),200,OK,Lily Group (distinct records) 2-1,text,true,54207,0
1359076409425,1,NOOP Sampler (needed for the postprocessor to work),200,OK,Lily Group (distinct records) 2-1,text,true,54207,0
1359076409451,1,NOOP Sampler (needed for the postprocessor to work),200,OK,Lily Group (distinct records) 2-1,text,true,54207,0
1359076409477,1,NOOP Sampler (needed for the postprocessor to work),200,OK,Lily Group (distinct records) 2-1,text,true,54207,0
1359076409502,1,NOOP Sampler (needed for the postprocessor to work),200,OK,Lily Group (distinct records) 2-1,text,true,54207,0
1359076409528,1,NOOP Sampler (needed for the postprocessor to work),200,OK,Lily Group (distinct records) 2-1,text,true,54207,0
1359076409553,1,NOOP Sampler (needed for the postprocessor to work),200,OK,Lily Group (distinct records) 2-1,text,true,54207,0
1359076409639,1,NOOP Sampler (needed for the postprocessor to work),200,OK,Lily Group (distinct records) 2-1,text,true,54207,0
1359076409665,1,NOOP Sampler (needed for the postprocessor to work),200,OK,Lily Group (distinct records) 2-1,text,true,54207,0
1359076409690,0,NOOP Sampler (needed for the postprocessor to work),200,OK,Lily Group (distinct records) 2-1,text,true,54207,0
1359076409714,1,NOOP Sampler (needed for the postprocessor to work),200,OK,Lily Group (distinct records) 2-1,text,true,54207,0
1359076409739,1,NOOP Sampler (needed for the postprocessor to work),200,OK,Lily Group (distinct records) 2-1,text,true,54207,0
1359076409764,1,NOOP Sampler (needed for the postprocessor to work),200,OK,Lily Group (distinct records) 2-1,text,true,54207,0
1359076409790,1,NOOP Sampler (needed for the postprocessor to work),200,OK,Lily Group (distinct records) 2-1,text,true,54207,0
1359076409816,1,NOOP Sampler (needed for the postprocessor to work),200,OK,Lily Group (distinct records) 2-1,text,true,54207,0
1359076409841,1,NOOP Sampler (needed for the postprocessor to work),200,OK,Lily Group (distinct records) 2-1,text,true,54207,0
1359076409867,1,NOOP Sampler (needed for the postprocessor to work),200,OK,Lily Group (distinct records) 2-1,text,true,54207,0
1359076409893,1,NOOP Sampler (needed for the postprocessor to work),200,OK,Lily Group (distinct records) 2-1,text,true,54207,0
1359076409919,1,NOOP Sampler (needed for the postprocessor to work),200,OK,Lily Group (distinct records) 2-1,text,true,54207,0
1359076409945,1,NOOP Sampler (needed for the postprocessor to work),200,OK,Lily Group (distinct records) 2-1,text,true,54207,0
1359076409970,1,NOOP Sampler (needed for the postprocessor to work),200,OK,Lily Group (distinct records) 2-1,text,true,54207,0
1359076409996,1,NOOP Sampler (needed for the postprocessor to work),200,OK,Lily Group (distinct records) 2-1,text,true,54207,0
1359076410037,1,NOOP Sampler (needed for the postprocessor to work),200,OK,Lily Group (distinct records) 2-1,text,true,54207,0
1359076410094,1,NOOP Sampler (needed for the postprocessor to work),200,OK,Lily Group (distinct records) 2-1,text,true,54207,0
1359076410149,2,NOOP Sampler (needed for the postprocessor to work),200,OK,Lily Group (distinct records) 2-1,text,true,54207,0
1359076410203,1,NOOP Sampler (needed for the postprocessor to work),200,OK,Lily Group (distinct records) 2-1,text,true,54207,0
1359076410271,1,NOOP Sampler (needed for the postprocessor to work),200,OK,Lily Group (distinct records) 2-1,text,true,54207,0
1359076410429,1,NOOP Sampler (needed for the postprocessor to work),200,OK,Lily Group (distinct records) 2-1,text,true,54207,0
1359076410472,1,NOOP Sampler (needed for the postprocessor to work),200,OK,Lily Group (distinct records) 2-1,text,true,54207,0
1359076410498,1,NOOP Sampler (needed for the postprocessor to work),200,OK,Lily Group (distinct records) 2-1,text,true,54207,0
1359076410523,1,NOOP Sampler (needed for the postprocessor to work),200,OK,Lily Group (distinct records) 2-1,text,true,54207,0
1359076410548,1,NOOP Sampler (needed for the postprocessor to work),200,OK,Lily Group (distinct records) 2-1,text,true,54207,0
1359076410572,59,NOOP Sampler (needed for the postprocessor to work),200,OK,Lily Group (distinct records) 2-1,text,true,54207,0
1359076410660,1,NOOP Sampler (needed for the postprocessor to work),200,OK,Lily Group (distinct records) 2-1,text,true,54207,0
1359076410685,1,NOOP Sampler (needed for the postprocessor to work),200,OK,Lily Group (distinct records) 2-1,text,true,54207,0
1359076410711,1,NOOP Sampler (needed for the postprocessor to work),200,OK,Lily Group (distinct records) 2-1,text,true,54207,0
1359076410736,1,NOOP Sampler (needed for the postprocessor to work),200,OK,Lily Group (distinct records) 2-1,text,true,54207,0
1359076410760,1,NOOP Sampler (needed for the postprocessor to work),200,OK,Lily Group (distinct records) 2-1,text,true,54207,0
1359076410785,1,NOOP Sampler (needed for the postprocessor to work),200,OK,Lily Group (distinct records) 2-1,text,true,54207,0
1359076410810,1,NOOP Sampler (needed for the postprocessor to work),200,OK,Lily Group (distinct records) 2-1,text,true,54207,0
1359076410834,1,NOOP Sampler (needed for the postprocessor to work),200,OK,Lily Group (distinct records) 2-1,text,true,54207,0
1359076410859,1,NOOP Sampler (needed for the postprocessor to work),200,OK,Lily Group (distinct records) 2-1,text,true,54207,0
1359076410883,1,NOOP Sampler (needed for the postprocessor to work),200,OK,Lily Group (distinct records) 2-1,text,true,54207,0
1359076410908,1,NOOP Sampler (needed for the postprocessor to work),200,OK,Lily Group (distinct records) 2-1,text,true,54207,0
1359076410933,1,NOOP Sampler (needed for the postprocessor to work),200,OK,Lily Group (distinct records) 2-1,text,true,54207,0
1359076410957,1,NOOP Sampler (needed for the postprocessor to work),200,OK,Lily Group (distinct records) 2-1,text,true,54207,0
1359076410982,1,NOOP Sampler (needed for the postprocessor to work),200,OK,Lily Group (distinct records) 2-1,text,true,54207,0
1359076411007,1,NOOP Sampler (needed for the postprocessor to work),200,OK,Lily Group (distinct records) 2-1,text,true,54207,0
1359076411032,1,NOOP Sampler (needed for the postprocessor to work),200,OK,Lily Group (distinct records) 2-1,text,true,54207,0
1359076411057,1,NOOP Sampler (needed for the postprocessor to work),200,OK,Lily Group (distinct records) 2-1,text,true,54207,0
1359076411081,1,NOOP Sampler (needed for the postprocessor to work),200,OK,Lily Group (distinct records) 2-1,text,true,54207,0
1359076411106,1,NOOP Sampler (needed for the postprocessor to work),200,OK,Lily Group (distinct records) 2-1,text,true,54207,0
1359076411131,1,NOOP Sampler (needed for the postprocessor to work),200,OK,Lily Group (distinct records) 2-1,text,true,54207,0
1359076411156,1,NOOP Sampler (needed for the postprocessor to work),200,OK,Lily Group (distinct records) 2-1,text,true,54207,0
1359076411181,1,NOOP Sampler (needed for the postprocessor to work),200,OK,Lily Group (distinct records) 2-1,text,true,54207,0
1359076411205,1,NOOP Sampler (needed for the postprocessor to work),200,OK,Lily Group (distinct records) 2-1,text,true,54207,0
1359076411230,1,NOOP Sampler (needed for the postprocessor to work),200,OK,Lily Group (distinct records) 2-1,text,true,54207,0
1359076411254,1,NOOP Sampler (needed for the postprocessor to work),200,OK,Lily Group (distinct records) 2-1,text,true,54207,0
1359076411365,1,NOOP Sampler (needed for the postprocessor to work),200,OK,Lily Group (distinct records) 2-1,text,true,54207,0
1359076411391,1,NOOP Sampler (needed for the postprocessor to work),200,OK,Lily Group (distinct records) 2-1,text,true,54207,0
1359076411416,1,NOOP Sampler (needed for the postprocessor to work),200,OK,Lily Group (distinct records) 2-1,text,true,54207,0
1359076411441,1,NOOP Sampler (needed for the postprocessor to work),200,OK,Lily Group (distinct records) 2-1,text,true,54207,0
1359076411466,1,NOOP Sampler (needed for the postprocessor to work),200,OK,Lily Group (distinct records) 2-1,text,true,54207,0
1359076411491,1,NOOP Sampler (needed for the postprocessor to work),200,OK,Lily Group (distinct records) 2-1,text,true,54207,0
1359076411516,1,NOOP Sampler (needed for the postprocessor to work),200,OK,Lily Group (distinct records) 2-1,text,true,54207,0
1359076411540,1,NOOP Sampler (needed for the postprocessor to work),200,OK,Lily Group (distinct records) 2-1,text,true,54207,0
1359076411565,1,NOOP Sampler (needed for the postprocessor to work),200,OK,Lily Group (distinct records) 2-1,text,true,54207,0
1359076411590,1,NOOP Sampler (needed for the postprocessor to work),200,OK,Lily Group (distinct records) 2-1,text,true,54207,0
1359076411615,1,NOOP Sampler (needed for the postprocessor to work),200,OK,Lily Group (distinct records) 2-1,text,true,54207,0
1359076411640,1,NOOP Sampler (needed for the postprocessor to work),200,OK,Lily Group (distinct records) 2-1,text,true,54207,0
1359076411665,1,NOOP Sampler (needed for the postprocessor to work),200,OK,Lily Group (distinct records) 2-1,text,true,54207,0
1359076411689,1,NOOP Sampler (needed for the postprocessor to work),200,OK,Lily Group (distinct records) 2-1,text,true,54207,0
1359076411714,1,NOOP Sampler (needed for the postprocessor to work),200,OK,Lily Group (distinct records) 2-1,text,true,54207,0
1359076411739,1,NOOP Sampler (needed for the postprocessor to work),200,OK,Lily Group (distinct records) 2-1,text,true,54207,0
1359076411763,1,NOOP Sampler (needed for the postprocessor to work),200,OK,Lily Group (distinct records) 2-1,text,true,54207,0
1359076411788,1,NOOP Sampler (needed for the postprocessor to work),200,OK,Lily Group (distinct records) 2-1,text,true,54207,0
1359076411812,1,NOOP Sampler (needed for the postprocessor to work),200,OK,Lily Group (distinct records) 2-1,text,true,54207,0
1359076411837,2,NOOP Sampler (needed for the postprocessor to work),200,OK,Lily Group (distinct records) 2-1,text,true,54207,0
1359076411862,1,NOOP Sampler (needed for the postprocessor to work),200,OK,Lily Group (distinct records) 2-1,text,true,54207,0
1359076411887,1,NOOP Sampler (needed for the postprocessor to work),200,OK,Lily Group (distinct records) 2-1,text,true,54207,0
1359076411912,1,NOOP Sampler (needed for the postprocessor to work),200,OK,Lily Group (distinct records) 2-1,text,true,54207,0
1359076411937,1,NOOP Sampler (needed for the postprocessor to work),200,OK,Lily Group (distinct records) 2-1,text,true,54207,0
1359076411961,1,NOOP Sampler (needed for the postprocessor to work),200,OK,Lily Group (distinct records) 2-1,text,true,54207,0
1359076411985,1,NOOP Sampler (needed for the postprocessor to work),200,OK,Lily Group (distinct records) 2-1,text,true,54207,0
1359076412103,2,NOOP Sampler (needed for the postprocessor to work),200,OK,Lily Group (distinct records) 2-1,text,true,54207,0
1359076412131,2,NOOP Sampler (needed for the postprocessor to work),200,OK,Lily Group (distinct records) 2-1,text,true,54207,0
1359076412160,1,NOOP Sampler (needed for the postprocessor to work),200,OK,Lily Group (distinct records) 2-1,text,true,54207,0
1359076412185,1,NOOP Sampler (needed for the postprocessor to work),200,OK,Lily Group (distinct records) 2-1,text,true,54207,0
1359076412210,0,NOOP Sampler (needed for the postprocessor to work),200,OK,Lily Group (distinct records) 2-1,text,true,54207,0
1359076412236,1,NOOP Sampler (needed for the postprocessor to work),200,OK,Lily Group (distinct records) 2-1,text,true,54207,0
1359076412261,1,NOOP Sampler (needed for the postprocessor to work),200,OK,Lily Group (distinct records) 2-1,text,true,54207,0
1359076412286,1,NOOP Sampler (needed for the postprocessor to work),200,OK,Lily Group (distinct records) 2-1,text,true,54207,0
1359076412311,1,NOOP Sampler (needed for the postprocessor to work),200,OK,Lily Group (distinct records) 2-1,text,true,54207,0
1359076412335,1,NOOP Sampler (needed for the postprocessor to work),200,OK,Lily Group (distinct records) 2-1,text,true,54207,0
1359076412359,1,NOOP Sampler (needed for the postprocessor to work),200,OK,Lily Group (distinct records) 2-1,text,true,54207,0
1359076412384,1,NOOP Sampler (needed for the postprocessor to work),200,OK,Lily Group (distinct records) 2-1,text,true,54207,0
1359076412408,1,NOOP Sampler (needed for the postprocessor to work),200,OK,Lily Group (distinct records) 2-1,text,true,54207,0
1359076412434,1,NOOP Sampler (needed for the postprocessor to work),200,OK,Lily Group (distinct records) 2-1,text,true,54207,0
1359076412458,1,NOOP Sampler (needed for the postprocessor to work),200,OK,Lily Group (distinct records) 2-1,text,true,54207,0
1359076412483,1,NOOP Sampler (needed for the postprocessor to work),200,OK,Lily Group (distinct records) 2-1,text,true,54207,0
1359076412508,1,NOOP Sampler (needed for the postprocessor to work),200,OK,Lily Group (distinct records) 2-1,text,true,54207,0
1359076412532,1,NOOP Sampler (needed for the postprocessor to work),200,OK,Lily Group (distinct records) 2-1,text,true,54207,0
1359076412556,1,NOOP Sampler (needed for the postprocessor to work),200,OK,Lily Group (distinct records) 2-1,text,true,54207,0
1359076412583,1,NOOP Sampler (needed for the postprocessor to work),200,OK,Lily Group (distinct records) 2-1,text,true,54207,0
1359076412608,1,NOOP Sampler (needed for the postprocessor to work),200,OK,Lily Group (distinct records) 2-1,text,true,54207,0
1359076412632,1,NOOP Sampler (needed for the postprocessor to work),200,OK,Lily Group (distinct records) 2-1,text,true,54207,0
1359076412657,1,NOOP Sampler (needed for the postprocessor to work),200,OK,Lily Group (distinct records) 2-1,text,true,54207,0
1359076412681,1,NOOP Sampler (needed for the postprocessor to work),200,OK,Lily Group (distinct records) 2-1,text,true,54207,0
1359076412706,1,NOOP Sampler (needed for the postprocessor to work),200,OK,Lily Group (distinct records) 2-1,text,true,54207,0
1359076412731,1,NOOP Sampler (needed for the postprocessor to work),200,OK,Lily Group (distinct records) 2-1,text,true,54207,0
1359076412815,1,NOOP Sampler (needed for the postprocessor to work),200,OK,Lily Group (distinct records) 2-1,text,true,54207,0
1359076412840,1,NOOP Sampler (needed for the postprocessor to work),200,OK,Lily Group (distinct records) 2-1,text,true,54207,0
1359076412864,1,NOOP Sampler (needed for the postprocessor to work),200,OK,Lily Group (distinct records) 2-1,text,true,54207,0
1359076412888,1,NOOP Sampler (needed for the postprocessor to work),200,OK,Lily Group (distinct records) 2-1,text,true,54207,0
1359076412912,1,NOOP Sampler (needed for the postprocessor to work),200,OK,Lily Group (distinct records) 2-1,text,true,54207,0
1359076412936,1,NOOP Sampler (needed for the postprocessor to work),200,OK,Lily Group (distinct records) 2-1,text,true,54207,0
1359076412961,1,NOOP Sampler (needed for the postprocessor to work),200,OK,Lily Group (distinct records) 2-1,text,true,54207,0
1359076412986,1,NOOP Sampler (needed for the postprocessor to work),200,OK,Lily Group (distinct records) 2-1,text,true,54207,0
1359076413011,1,NOOP Sampler (needed for the postprocessor to work),200,OK,Lily Group (distinct records) 2-1,text,true,54207,0
1359076413035,1,NOOP Sampler (needed for the postprocessor to work),200,OK,Lily Group (distinct records) 2-1,text,true,54207,0
1359076413059,1,NOOP Sampler (needed for the postprocessor to work),200,OK,Lily Group (distinct records) 2-1,text,true,54207,0
1359076413084,1,NOOP Sampler (needed for the postprocessor to work),200,OK,Lily Group (distinct records) 2-1,text,true,54207,0
1359076413108,1,NOOP Sampler (needed for the postprocessor to work),200,OK,Lily Group (distinct records) 2-1,text,true,54207,0
1359076413133,1,NOOP Sampler (needed for the postprocessor to work),200,OK,Lily Group (distinct records) 2-1,text,true,54207,0
1359076413158,1,NOOP Sampler (needed for the postprocessor to work),200,OK,Lily Group (distinct records) 2-1,text,true,54207,0
1359076413182,1,NOOP Sampler (needed for the postprocessor to work),200,OK,Lily Group (distinct records) 2-1,text,true,54207,0
1359076413206,1,NOOP Sampler (needed for the postprocessor to work),200,OK,Lily Group (distinct records) 2-1,text,true,54207,0
1359076413231,1,NOOP Sampler (needed for the postprocessor to work),200,OK,Lily Group (distinct records) 2-1,text,true,54207,0
1359076413255,1,NOOP Sampler (needed for the postprocessor to work),200,OK,Lily Group (distinct records) 2-1,text,true,54207,0
1359076413280,1,NOOP Sampler (needed for the postprocessor to work),200,OK,Lily Group (distinct records) 2-1,text,true,54207,0
1359076413304,1,NOOP Sampler (needed for the postprocessor to work),200,OK,Lily Group (distinct records) 2-1,text,true,54207,0
1359076413328,1,NOOP Sampler (needed for the postprocessor to work),200,OK,Lily Group (distinct records) 2-1,text,true,54207,0
1359076413352,1,NOOP Sampler (needed for the postprocessor to work),200,OK,Lily Group (distinct records) 2-1,text,true,54207,0
1359076413375,1,NOOP Sampler (needed for the postprocessor to work),200,OK,Lily Group (distinct records) 2-1,text,true,54207,0
1359076413399,1,NOOP Sampler (needed for the postprocessor to work),200,OK,Lily Group (distinct records) 2-1,text,true,54207,0
1359076413424,1,NOOP Sampler (needed for the postprocessor to work),200,OK,Lily Group (distinct records) 2-1,text,true,54207,0
1359076413448,54,NOOP Sampler (needed for the postprocessor to work),200,OK,Lily Group (distinct records) 2-1,text,true,54207,0
1359076413526,1,NOOP Sampler (needed for the postprocessor to work),200,OK,Lily Group (distinct records) 2-1,text,true,54207,0
1359076413551,1,NOOP Sampler (needed for the postprocessor to work),200,OK,Lily Group (distinct records) 2-1,text,true,54207,0
1359076413574,1,NOOP Sampler (needed for the postprocessor to work),200,OK,Lily Group (distinct records) 2-1,text,true,54207,0
1359076413598,1,NOOP Sampler (needed for the postprocessor to work),200,OK,Lily Group (distinct records) 2-1,text,true,54207,0
1359076413622,1,NOOP Sampler (needed for the postprocessor to work),200,OK,Lily Group (distinct records) 2-1,text,true,54207,0
1359076413645,1,NOOP Sampler (needed for the postprocessor to work),200,OK,Lily Group (distinct records) 2-1,text,true,54207,0
1359076413669,1,NOOP Sampler (needed for the postprocessor to work),200,OK,Lily Group (distinct records) 2-1,text,true,54207,0
1359076413694,1,NOOP Sampler (needed for the postprocessor to work),200,OK,Lily Group (distinct records) 2-1,text,true,54207,0
1359076413718,1,NOOP Sampler (needed for the postprocessor to work),200,OK,Lily Group (distinct records) 2-1,text,true,54207,0
1359076413743,1,NOOP Sampler (needed for the postprocessor to work),200,OK,Lily Group (distinct records) 2-1,text,true,54207,0
1359076413767,1,NOOP Sampler (needed for the postprocessor to work),200,OK,Lily Group (distinct records) 2-1,text,true,54207,0
1359076413792,1,NOOP Sampler (needed for the postprocessor to work),200,OK,Lily Group (distinct records) 2-1,text,true,54207,0
1359076413816,1,NOOP Sampler (needed for the postprocessor to work),200,OK,Lily Group (distinct records) 2-1,text,true,54207,0
1359076413841,1,NOOP Sampler (needed for the postprocessor to work),200,OK,Lily Group (distinct records) 2-1,text,true,54207,0
1359076413865,1,NOOP Sampler (needed for the postprocessor to work),200,OK,Lily Group (distinct records) 2-1,text,true,54207,0
1359076413890,1,NOOP Sampler (needed for the postprocessor to work),200,OK,Lily Group (distinct records) 2-1,text,true,54207,0
1359076413915,1,NOOP Sampler (needed for the postprocessor to work),200,OK,Lily Group (distinct records) 2-1,text,true,54207,0
1359076413940,1,NOOP Sampler (needed for the postprocessor to work),200,OK,Lily Group (distinct records) 2-1,text,true,54207,0
1359076413965,1,NOOP Sampler (needed for the postprocessor to work),200,OK,Lily Group (distinct records) 2-1,text,true,54207,0
1359076413990,1,NOOP Sampler (needed for the postprocessor to work),200,OK,Lily Group (distinct records) 2-1,text,true,54207,0
1359076414014,1,NOOP Sampler (needed for the postprocessor to work),200,OK,Lily Group (distinct records) 2-1,text,true,54207,0
1359076414039,1,NOOP Sampler (needed for the postprocessor to work),200,OK,Lily Group (distinct records) 2-1,text,true,54207,0
1359076414064,1,NOOP Sampler (needed for the postprocessor to work),200,OK,Lily Group (distinct records) 2-1,text,true,54207,0
1359076414090,1,NOOP Sampler (needed for the postprocessor to work),200,OK,Lily Group (distinct records) 2-1,text,true,54207,0
1359076414115,1,NOOP Sampler (needed for the postprocessor to work),200,OK,Lily Group (distinct records) 2-1,text,true,54207,0
1359076414140,1,NOOP Sampler (needed for the postprocessor to work),200,OK,Lily Group (distinct records) 2-1,text,true,54207,0
1359076414222,1,NOOP Sampler (needed for the postprocessor to work),200,OK,Lily Group (distinct records) 2-1,text,true,54207,0
1359076414248,1,NOOP Sampler (needed for the postprocessor to work),200,OK,Lily Group (distinct records) 2-1,text,true,54207,0
1359076414273,1,NOOP Sampler (needed for the postprocessor to work),200,OK,Lily Group (distinct records) 2-1,text,true,54207,0
1359076414298,1,NOOP Sampler (needed for the postprocessor to work),200,OK,Lily Group (distinct records) 2-1,text,true,54207,0
1359076414323,1,NOOP Sampler (needed for the postprocessor to work),200,OK,Lily Group (distinct records) 2-1,text,true,54207,0
1359076414348,1,NOOP Sampler (needed for the postprocessor to work),200,OK,Lily Group (distinct records) 2-1,text,true,54207,0
1359076414373,1,NOOP Sampler (needed for the postprocessor to work),200,OK,Lily Group (distinct records) 2-1,text,true,54207,0
1359076414398,1,NOOP Sampler (needed for the postprocessor to work),200,OK,Lily Group (distinct records) 2-1,text,true,54207,0
1359076414427,1,NOOP Sampler (needed for the postprocessor to work),200,OK,Lily Group (distinct records) 2-1,text,true,54207,0
1359076414452,1,NOOP Sampler (needed for the postprocessor to work),200,OK,Lily Group (distinct records) 2-1,text,true,54207,0
1359076414477,1,NOOP Sampler (needed for the postprocessor to work),200,OK,Lily Group (distinct records) 2-1,text,true,54207,0
1359076414502,1,NOOP Sampler (needed for the postprocessor to work),200,OK,Lily Group (distinct records) 2-1,text,true,54207,0
1359076414526,1,NOOP Sampler (needed for the postprocessor to work),200,OK,Lily Group (distinct records) 2-1,text,true,54207,0
1359076414552,1,NOOP Sampler (needed for the postprocessor to work),200,OK,Lily Group (distinct records) 2-1,text,true,54207,0
1359076414577,1,NOOP Sampler (needed for the postprocessor to work),200,OK,Lily Group (distinct records) 2-1,text,true,54207,0
1359076414602,1,NOOP Sampler (needed for the postprocessor to work),200,OK,Lily Group (distinct records) 2-1,text,true,54207,0
1359076414627,1,NOOP Sampler (needed for the postprocessor to work),200,OK,Lily Group (distinct records) 2-1,text,true,54207,0
1359076414652,1,NOOP Sampler (needed for the postprocessor to work),200,OK,Lily Group (distinct records) 2-1,text,true,54207,0
1359076414676,1,NOOP Sampler (needed for the postprocessor to work),200,OK,Lily Group (distinct records) 2-1,text,true,54207,0
1359076414701,1,NOOP Sampler (needed for the postprocessor to work),200,OK,Lily Group (distinct records) 2-1,text,true,54207,0
1359076414726,1,NOOP Sampler (needed for the postprocessor to work),200,OK,Lily Group (distinct records) 2-1,text,true,54207,0
1359076414756,1,NOOP Sampler (needed for the postprocessor to work),200,OK,Lily Group (distinct records) 2-1,text,true,54207,0
1359076414781,1,NOOP Sampler (needed for the postprocessor to work),200,OK,Lily Group (distinct records) 2-1,text,true,54207,0
1359076414806,1,NOOP Sampler (needed for the postprocessor to work),200,OK,Lily Group (distinct records) 2-1,text,true,54207,0
1359076414832,1,NOOP Sampler (needed for the postprocessor to work),200,OK,Lily Group (distinct records) 2-1,text,true,54207,0
1359076414857,1,NOOP Sampler (needed for the postprocessor to work),200,OK,Lily Group (distinct records) 2-1,text,true,54207,0
1359076414881,1,NOOP Sampler (needed for the postprocessor to work),200,OK,Lily Group (distinct records) 2-1,text,true,54207,0
1359076414968,1,NOOP Sampler (needed for the postprocessor to work),200,OK,Lily Group (distinct records) 2-1,text,true,54207,0
1359076414995,1,NOOP Sampler (needed for the postprocessor to work),200,OK,Lily Group (distinct records) 2-1,text,true,54207,0
1359076415020,1,NOOP Sampler (needed for the postprocessor to work),200,OK,Lily Group (distinct records) 2-1,text,true,54207,0
1359076415048,1,NOOP Sampler (needed for the postprocessor to work),200,OK,Lily Group (distinct records) 2-1,text,true,54207,0
1359076415072,1,NOOP Sampler (needed for the postprocessor to work),200,OK,Lily Group (distinct records) 2-1,text,true,54207,0
1359076415098,1,NOOP Sampler (needed for the postprocessor to work),200,OK,Lily Group (distinct records) 2-1,text,true,54207,0
1359076415123,1,NOOP Sampler (needed for the postprocessor to work),200,OK,Lily Group (distinct records) 2-1,text,true,54207,0
1359076415149,1,NOOP Sampler (needed for the postprocessor to work),200,OK,Lily Group (distinct records) 2-1,text,true,54207,0
1359076415173,1,NOOP Sampler (needed for the postprocessor to work),200,OK,Lily Group (distinct records) 2-1,text,true,54207,0
1359076415198,1,NOOP Sampler (needed for the postprocessor to work),200,OK,Lily Group (distinct records) 2-1,text,true,54207,0
1359076415223,2,NOOP Sampler (needed for the postprocessor to work),200,OK,Lily Group (distinct records) 2-1,text,true,54207,0
1359076415250,1,NOOP Sampler (needed for the postprocessor to work),200,OK,Lily Group (distinct records) 2-1,text,true,54207,0
1359076415276,2,NOOP Sampler (needed for the postprocessor to work),200,OK,Lily Group (distinct records) 2-1,text,true,54207,0
1359076415304,1,NOOP Sampler (needed for the postprocessor to work),200,OK,Lily Group (distinct records) 2-1,text,true,54207,0
1359076415336,2,NOOP Sampler (needed for the postprocessor to work),200,OK,Lily Group (distinct records) 2-1,text,true,54207,0
1359076415364,1,NOOP Sampler (needed for the postprocessor to work),200,OK,Lily Group (distinct records) 2-1,text,true,54207,0
1359076415392,2,NOOP Sampler (needed for the postprocessor to work),200,OK,Lily Group (distinct records) 2-1,text,true,54207,0
1359076415424,1,NOOP Sampler (needed for the postprocessor to work),200,OK,Lily Group (distinct records) 2-1,text,true,54207,0
1359076415448,1,NOOP Sampler (needed for the postprocessor to work),200,OK,Lily Group (distinct records) 2-1,text,true,54207,0
1359076415474,1,NOOP Sampler (needed for the postprocessor to work),200,OK,Lily Group (distinct records) 2-1,text,true,54207,0
1359076415498,1,NOOP Sampler (needed for the postprocessor to work),200,OK,Lily Group (distinct records) 2-1,text,true,54207,0
1359076415523,1,NOOP Sampler (needed for the postprocessor to work),200,OK,Lily Group (distinct records) 2-1,text,true,54207,0
1359076415548,1,NOOP Sampler (needed for the postprocessor to work),200,OK,Lily Group (distinct records) 2-1,text,true,54207,0
1359076415573,1,NOOP Sampler (needed for the postprocessor to work),200,OK,Lily Group (distinct records) 2-1,text,true,54207,0
1359076415598,1,NOOP Sampler (needed for the postprocessor to work),200,OK,Lily Group (distinct records) 2-1,text,true,54207,0
1359076415625,1,NOOP Sampler (needed for the postprocessor to work),200,OK,Lily Group (distinct records) 2-1,text,true,54207,0
1359076415707,1,NOOP Sampler (needed for the postprocessor to work),200,OK,Lily Group (distinct records) 2-1,text,true,54207,0
1359076415734,1,NOOP Sampler (needed for the postprocessor to work),200,OK,Lily Group (distinct records) 2-1,text,true,54207,0
1359076415759,1,NOOP Sampler (needed for the postprocessor to work),200,OK,Lily Group (distinct records) 2-1,text,true,54207,0
1359076415784,1,NOOP Sampler (needed for the postprocessor to work),200,OK,Lily Group (distinct records) 2-1,text,true,54207,0
1359076415809,1,NOOP Sampler (needed for the postprocessor to work),200,OK,Lily Group (distinct records) 2-1,text,true,54207,0
1359076415834,0,NOOP Sampler (needed for the postprocessor to work),200,OK,Lily Group (distinct records) 2-1,text,true,54207,0
1359076415858,1,NOOP Sampler (needed for the postprocessor to work),200,OK,Lily Group (distinct records) 2-1,text,true,54207,0
1359076415883,1,NOOP Sampler (needed for the postprocessor to work),200,OK,Lily Group (distinct records) 2-1,text,true,54207,0
1359076415908,1,NOOP Sampler (needed for the postprocessor to work),200,OK,Lily Group (distinct records) 2-1,text,true,54207,0
1359076415933,1,NOOP Sampler (needed for the postprocessor to work),200,OK,Lily Group (distinct records) 2-1,text,true,54207,0
1359076415958,1,NOOP Sampler (needed for the postprocessor to work),200,OK,Lily Group (distinct records) 2-1,text,true,54207,0
1359076415983,1,NOOP Sampler (needed for the postprocessor to work),200,OK,Lily Group (distinct records) 2-1,text,true,54207,0
1359076416008,1,NOOP Sampler (needed for the postprocessor to work),200,OK,Lily Group (distinct records) 2-1,text,true,54207,0
1359076416032,1,NOOP Sampler (needed for the postprocessor to work),200,OK,Lily Group (distinct records) 2-1,text,true,54207,0
1359076416059,1,NOOP Sampler (needed for the postprocessor to work),200,OK,Lily Group (distinct records) 2-1,text,true,54207,0
1359076416084,1,NOOP Sampler (needed for the postprocessor to work),200,OK,Lily Group (distinct records) 2-1,text,true,54207,0
1359076416109,1,NOOP Sampler (needed for the postprocessor to work),200,OK,Lily Group (distinct records) 2-1,text,true,54207,0
1359076416134,1,NOOP Sampler (needed for the postprocessor to work),200,OK,Lily Group (distinct records) 2-1,text,true,54207,0
1359076416159,1,NOOP Sampler (needed for the postprocessor to work),200,OK,Lily Group (distinct records) 2-1,text,true,54207,0
1359076416184,1,NOOP Sampler (needed for the postprocessor to work),200,OK,Lily Group (distinct records) 2-1,text,true,54207,0
1359076416208,1,NOOP Sampler (needed for the postprocessor to work),200,OK,Lily Group (distinct records) 2-1,text,true,54207,0
1359076416233,1,NOOP Sampler (needed for the postprocessor to work),200,OK,Lily Group (distinct records) 2-1,text,true,54207,0
1359076416257,1,NOOP Sampler (needed for the postprocessor to work),200,OK,Lily Group (distinct records) 2-1,text,true,54207,0
1359076416281,1,NOOP Sampler (needed for the postprocessor to work),200,OK,Lily Group (distinct records) 2-1,text,true,54207,0
1359076416305,1,NOOP Sampler (needed for the postprocessor to work),200,OK,Lily Group (distinct records) 2-1,text,true,54207,0
1359076416364,3,NOOP Sampler (needed for the postprocessor to work),200,OK,Lily Group (distinct records) 2-1,text,true,54207,0
1359076416397,1,NOOP Sampler (needed for the postprocessor to work),200,OK,Lily Group (distinct records) 2-1,text,true,54207,0
1359076416424,59,NOOP Sampler (needed for the postprocessor to work),200,OK,Lily Group (distinct records) 2-1,text,true,54207,0
1359076416510,1,NOOP Sampler (needed for the postprocessor to work),200,OK,Lily Group (distinct records) 2-1,text,true,54207,0
1359076416534,1,NOOP Sampler (needed for the postprocessor to work),200,OK,Lily Group (distinct records) 2-1,text,true,54207,0
1359076416559,1,NOOP Sampler (needed for the postprocessor to work),200,OK,Lily Group (distinct records) 2-1,text,true,54207,0
1359076416583,1,NOOP Sampler (needed for the postprocessor to work),200,OK,Lily Group (distinct records) 2-1,text,true,54207,0
1359076416608,1,NOOP Sampler (needed for the postprocessor to work),200,OK,Lily Group (distinct records) 2-1,text,true,54207,0
1359076416633,1,NOOP Sampler (needed for the postprocessor to work),200,OK,Lily Group (distinct records) 2-1,text,true,54207,0
1359076416658,1,NOOP Sampler (needed for the postprocessor to work),200,OK,Lily Group (distinct records) 2-1,text,true,54207,0
1359076416683,1,NOOP Sampler (needed for the postprocessor to work),200,OK,Lily Group (distinct records) 2-1,text,true,54207,0
1359076416707,1,NOOP Sampler (needed for the postprocessor to work),200,OK,Lily Group (distinct records) 2-1,text,true,54207,0
1359076416732,1,NOOP Sampler (needed for the postprocessor to work),200,OK,Lily Group (distinct records) 2-1,text,true,54207,0
1359076416757,1,NOOP Sampler (needed for the postprocessor to work),200,OK,Lily Group (distinct records) 2-1,text,true,54220,0
1359076416781,1,NOOP Sampler (needed for the postprocessor to work),200,OK,Lily Group (distinct records) 2-1,text,true,54207,0
1359076416806,1,NOOP Sampler (needed for the postprocessor to work),200,OK,Lily Group (distinct records) 2-1,text,true,54207,0
1359076416831,1,NOOP Sampler (needed for the postprocessor to work),200,OK,Lily Group (distinct records) 2-1,text,true,54207,0
1359076416855,1,NOOP Sampler (needed for the postprocessor to work),200,OK,Lily Group (distinct records) 2-1,text,true,54207,0
1359076416880,1,NOOP Sampler (needed for the postprocessor to work),200,OK,Lily Group (distinct records) 2-1,text,true,54207,0
1359076416906,1,NOOP Sampler (needed for the postprocessor to work),200,OK,Lily Group (distinct records) 2-1,text,true,54207,0
1359076416932,2,NOOP Sampler (needed for the postprocessor to work),200,OK,Lily Group (distinct records) 2-1,text,true,54207,0
1359076416957,1,NOOP Sampler (needed for the postprocessor to work),200,OK,Lily Group (distinct records) 2-1,text,true,54207,0
1359076416982,1,NOOP Sampler (needed for the postprocessor to work),200,OK,Lily Group (distinct records) 2-1,text,true,54207,0
1359076417007,1,NOOP Sampler (needed for the postprocessor to work),200,OK,Lily Group (distinct records) 2-1,text,true,54207,0
1359076417032,1,NOOP Sampler (needed for the postprocessor to work),200,OK,Lily Group (distinct records) 2-1,text,true,54207,0
1359076417057,1,NOOP Sampler (needed for the postprocessor to work),200,OK,Lily Group (distinct records) 2-1,text,true,54207,0
1359076417082,1,NOOP Sampler (needed for the postprocessor to work),200,OK,Lily Group (distinct records) 2-1,text,true,54207,0
1359076417107,1,NOOP Sampler (needed for the postprocessor to work),200,OK,Lily Group (distinct records) 2-1,text,true,54207,0
1359076417133,1,NOOP Sampler (needed for the postprocessor to work),200,OK,Lily Group (distinct records) 2-1,text,true,54207,0
1359076417157,61,NOOP Sampler (needed for the postprocessor to work),200,OK,Lily Group (distinct records) 2-1,text,true,54207,0
1359076417243,1,NOOP Sampler (needed for the postprocessor to work),200,OK,Lily Group (distinct records) 2-1,text,true,54207,0
1359076417268,1,NOOP Sampler (needed for the postprocessor to work),200,OK,Lily Group (distinct records) 2-1,text,true,54207,0
1359076417292,1,NOOP Sampler (needed for the postprocessor to work),200,OK,Lily Group (distinct records) 2-1,text,true,54207,0
1359076417317,1,NOOP Sampler (needed for the postprocessor to work),200,OK,Lily Group (distinct records) 2-1,text,true,54207,0
1359076417342,1,NOOP Sampler (needed for the postprocessor to work),200,OK,Lily Group (distinct records) 2-1,text,true,54207,0
1359076417367,1,NOOP Sampler (needed for the postprocessor to work),200,OK,Lily Group (distinct records) 2-1,text,true,54207,0
1359076417392,0,NOOP Sampler (needed for the postprocessor to work),200,OK,Lily Group (distinct records) 2-1,text,true,54207,0
1359076417416,1,NOOP Sampler (needed for the postprocessor to work),200,OK,Lily Group (distinct records) 2-1,text,true,54207,0
1359076417445,1,NOOP Sampler (needed for the postprocessor to work),200,OK,Lily Group (distinct records) 2-1,text,true,54207,0
1359076417470,1,NOOP Sampler (needed for the postprocessor to work),200,OK,Lily Group (distinct records) 2-1,text,true,54207,0
1359076417495,1,NOOP Sampler (needed for the postprocessor to work),200,OK,Lily Group (distinct records) 2-1,text,true,54207,0
1359076417520,1,NOOP Sampler (needed for the postprocessor to work),200,OK,Lily Group (distinct records) 2-1,text,true,54207,0
1359076417545,1,NOOP Sampler (needed for the postprocessor to work),200,OK,Lily Group (distinct records) 2-1,text,true,54207,0
1359076417570,1,NOOP Sampler (needed for the postprocessor to work),200,OK,Lily Group (distinct records) 2-1,text,true,54207,0
1359076417595,1,NOOP Sampler (needed for the postprocessor to work),200,OK,Lily Group (distinct records) 2-1,text,true,54207,0
1359076417620,1,NOOP Sampler (needed for the postprocessor to work),200,OK,Lily Group (distinct records) 2-1,text,true,54207,0
