1359051819544,0,Add Item from object,Non HTTP response code: java.net.URISyntaxException,Non HTTP response message: Illegal character in path at index 46: http://localhost/jmeter-test/datasets/test-1_${nodename},Databank group 1-1,text,false,957,0
1359051820236,162,Add Item from object,200,OK,Databank group 1-1,text,true,9815,122
1359051820548,142,Add Item from object,200,OK,Databank group 1-1,text,true,10074,114
1359051821362,140,Add Item from object,200,OK,Databank group 1-1,text,true,9812,112
1359051822001,177,Add Item from object,200,OK,Databank group 1-1,text,true,9812,136
1359051822751,194,Add Item from object,200,OK,Databank group 1-1,text,true,9812,167
1359051823306,130,Add Item from object,200,OK,Databank group 1-1,text,true,9812,101
1359051823493,618,Add Item from object,200,OK,Databank group 1-1,text,true,10072,590
1359051824814,165,Add Item from object,200,OK,Databank group 1-1,text,true,9812,132
1359051825248,138,Add Item from object,200,OK,Databank group 1-1,text,true,9812,110
1359051825653,138,Add Item from object,200,OK,Databank group 1-1,text,true,9815,109
1359051825824,134,Add Item from object,200,OK,Databank group 1-1,text,true,10074,103
1359051826210,127,Add Item from object,200,OK,Databank group 1-1,text,true,9815,98
1359051826599,159,Add Item from object,200,OK,Databank group 1-1,text,true,9824,131
1359051827026,127,Add Item from object,200,OK,Databank group 1-1,text,true,9791,99
1359051893239,0,Add Item from object,Non HTTP response code: java.net.URISyntaxException,Non HTTP response message: Illegal character in path at index 46: http://localhost/jmeter-test/datasets/test-1_${nodename},Databank group 1-1,text,false,957,0
1359051893965,153,Add Item from object,200,OK,Databank group 1-1,text,true,9815,116
1359051894288,150,Add Item from object,200,OK,Databank group 1-1,text,true,10074,122
1359051895029,158,Add Item from object,200,OK,Databank group 1-1,text,true,9812,129
1359051895558,151,Add Item from object,200,OK,Databank group 1-1,text,true,9812,116
1359051896140,184,Add Item from object,200,OK,Databank group 1-1,text,true,9812,154
1359051896664,129,Add Item from object,200,OK,Databank group 1-1,text,true,9812,101
1359051896866,146,Add Item from object,200,OK,Databank group 1-1,text,true,10072,119
1359051897486,149,Add Item from object,200,OK,Databank group 1-1,text,true,9812,123
1359051897881,139,Add Item from object,200,OK,Databank group 1-1,text,true,9812,112
1359051898269,131,Add Item from object,200,OK,Databank group 1-1,text,true,9815,103
1359051898434,133,Add Item from object,200,OK,Databank group 1-1,text,true,10074,105
1359051898825,134,Add Item from object,200,OK,Databank group 1-1,text,true,9815,106
1359051899334,141,Add Item from object,200,OK,Databank group 1-1,text,true,9824,112
1359051899736,165,Add Item from object,200,OK,Databank group 1-1,text,true,9791,135
1359051900163,144,Add Item from object,200,OK,Databank group 1-1,text,true,9826,117
1359051900556,289,Add Item from object,200,OK,Databank group 1-1,text,true,9826,262
1359051900876,176,Add Item from object,200,OK,Databank group 1-1,text,true,10092,147
1359051901304,130,Add Item from object,200,OK,Databank group 1-1,text,true,9829,100
1359051901678,165,Add Item from object,200,OK,Databank group 1-1,text,true,9826,132
1359051902219,145,Add Item from object,200,OK,Databank group 1-1,text,true,9826,115
1359051902394,140,Add Item from object,200,OK,Databank group 1-1,text,true,10092,109
1359051902565,139,Add Item from object,200,OK,Databank group 1-1,text,true,10354,110
1359051902952,137,Add Item from object,200,OK,Databank group 1-1,text,true,9826,105
1359051903142,157,Add Item from object,200,OK,Databank group 1-1,text,true,10089,123
1359051903538,133,Add Item from object,200,OK,Databank group 1-1,text,true,9826,105
1359051903963,270,Add Item from object,200,OK,Databank group 1-1,text,true,9826,234
1359051904261,145,Add Item from object,200,OK,Databank group 1-1,text,true,10089,117
1359051904435,250,Add Item from object,200,OK,Databank group 1-1,text,true,10352,215
1359051904716,139,Add Item from object,200,OK,Databank group 1-1,text,true,10615,106
1359051904883,168,Add Item from object,200,OK,Databank group 1-1,text,true,10882,131
1359051905347,131,Add Item from object,200,OK,Databank group 1-1,text,true,9824,101
1359051905734,154,Add Item from object,200,OK,Databank group 1-1,text,true,9826,122
1359051905927,134,Add Item from object,200,OK,Databank group 1-1,text,true,10092,105
1359051906312,136,Add Item from object,200,OK,Databank group 1-1,text,true,9826,109
1359051906786,131,Add Item from object,200,OK,Databank group 1-1,text,true,9826,104
1359051907163,131,Add Item from object,200,OK,Databank group 1-1,text,true,9826,104
1359051907325,158,Add Item from object,200,OK,Databank group 1-1,text,true,10089,130
1359051907515,139,Add Item from object,200,OK,Databank group 1-1,text,true,10355,111
1359051907885,204,Add Item from object,200,OK,Databank group 1-1,text,true,9826,172
1359051908334,168,Add Item from object,200,OK,Databank group 1-1,text,true,9826,139
1359051908532,137,Add Item from object,200,OK,Databank group 1-1,text,true,10080,109
1359051908699,149,Add Item from object,200,OK,Databank group 1-1,text,true,10337,119
1359051909116,234,Add Item from object,200,OK,Databank group 1-1,text,true,9826,207
1359051909596,127,Add Item from object,200,OK,Databank group 1-1,text,true,9829,100
1359051909956,134,Add Item from object,200,OK,Databank group 1-1,text,true,9829,102
1359051910322,146,Add Item from object,200,OK,Databank group 1-1,text,true,9826,119
1359051910494,139,Add Item from object,200,OK,Databank group 1-1,text,true,10087,111
1359051910883,145,Add Item from object,200,OK,Databank group 1-1,text,true,9791,119
1359051911058,156,Add Item from object,200,OK,Databank group 1-1,text,true,10089,121
1359051911348,145,Add Item from object,200,OK,Databank group 1-1,text,true,10352,116
1359051911520,178,Add Item from object,200,OK,Databank group 1-1,text,true,10612,146
1359051911942,124,Add Item from object,200,OK,Databank group 1-1,text,true,9829,95
1359051912104,339,Add Item from object,200,OK,Databank group 1-1,text,true,10091,310
1359051912686,258,Add Item from object,200,OK,Databank group 1-1,text,true,9826,231
1359051913172,264,Add Item from object,200,OK,Databank group 1-1,text,true,9829,237
1359051913469,196,Add Item from object,200,OK,Databank group 1-1,text,true,10091,170
1359051913979,157,Add Item from object,200,OK,Databank group 1-1,text,true,9826,130
1359051914377,134,Add Item from object,200,OK,Databank group 1-1,text,true,9829,106
1359051914775,128,Add Item from object,200,OK,Databank group 1-1,text,true,9829,96
1359051914928,153,Add Item from object,200,OK,Databank group 1-1,text,true,10094,123
1359051915322,146,Add Item from object,200,OK,Databank group 1-1,text,true,9829,115
1359051915505,254,Add Item from object,200,OK,Databank group 1-1,text,true,10091,221
1359051915785,140,Add Item from object,200,OK,Databank group 1-1,text,true,10354,109
1359051916165,400,Add Item from object,200,OK,Databank group 1-1,text,true,9826,372
1359051916691,145,Add Item from object,200,OK,Databank group 1-1,text,true,10088,116
1359051917083,148,Add Item from object,200,OK,Databank group 1-1,text,true,9827,120
1359051917470,259,Add Item from object,200,OK,Databank group 1-1,text,true,9826,226
1359051917968,157,Add Item from object,200,OK,Databank group 1-1,text,true,9826,119
1359051918361,319,Add Item from object,200,OK,Databank group 1-1,text,true,9826,293
1359051919066,150,Add Item from object,200,OK,Databank group 1-1,text,true,9829,123
1359051919248,193,Add Item from object,200,OK,Databank group 1-1,text,true,10091,164
1359051919674,133,Add Item from object,200,OK,Databank group 1-1,text,true,9826,106
1359051920129,214,Add Item from object,200,OK,Databank group 1-1,text,true,9826,185
1359051920371,125,Add Item from object,200,OK,Databank group 1-1,text,true,10089,98
1359051920524,175,Add Item from object,200,OK,Databank group 1-1,text,true,10352,145
1359051920930,134,Add Item from object,200,OK,Databank group 1-1,text,true,9826,106
1359051921310,189,Add Item from object,200,OK,Databank group 1-1,text,true,9826,161
1359051921731,133,Add Item from object,200,OK,Databank group 1-1,text,true,9829,106
1359051922092,147,Add Item from object,200,OK,Databank group 1-1,text,true,9826,118
1359051922270,132,Add Item from object,200,OK,Databank group 1-1,text,true,10089,104
1359051922638,133,Add Item from object,200,OK,Databank group 1-1,text,true,9824,105
1359051922876,143,Add Item from object,200,OK,Databank group 1-1,text,true,10054,114
1359051923044,374,Add Item from object,200,OK,Databank group 1-1,text,true,10352,344
1359051924411,137,Add Item from object,200,OK,Databank group 1-1,text,true,9826,109
1359051924573,172,Add Item from object,200,OK,Databank group 1-1,text,true,10089,143
1359051924990,145,Add Item from object,200,OK,Databank group 1-1,text,true,9826,117
1359051925366,156,Add Item from object,200,OK,Databank group 1-1,text,true,9829,126
1359051942587,0,Add Item from object,Non HTTP response code: java.net.URISyntaxException,Non HTTP response message: Illegal character in path at index 46: http://localhost/jmeter-test/datasets/test-1_${nodename},Databank group 1-1,text,false,957,0
1359051943162,135,Add Item from object,200,OK,Databank group 1-1,text,true,9815,105
1359051943435,153,Add Item from object,200,OK,Databank group 1-1,text,true,10074,123
1359051944174,151,Add Item from object,200,OK,Databank group 1-1,text,true,9812,123
1359051944782,245,Add Item from object,200,OK,Databank group 1-1,text,true,9812,189
1359051945465,373,Add Item from object,200,OK,Databank group 1-1,text,true,9812,345
1359051946119,282,Add Item from object,200,OK,Databank group 1-1,text,true,9812,254
1359051946442,129,Add Item from object,200,OK,Databank group 1-1,text,true,10072,102
1359051946986,200,Add Item from object,200,OK,Databank group 1-1,text,true,9812,172
1359051947462,132,Add Item from object,200,OK,Databank group 1-1,text,true,9812,105
1359051947856,126,Add Item from object,200,OK,Databank group 1-1,text,true,9815,99
1359051948014,146,Add Item from object,200,OK,Databank group 1-1,text,true,10074,109
1359051948426,213,Add Item from object,200,OK,Databank group 1-1,text,true,9815,186
1359051948891,145,Add Item from object,200,OK,Databank group 1-1,text,true,9824,117
1359051949280,137,Add Item from object,200,OK,Databank group 1-1,text,true,9791,108
1359051949669,148,Add Item from object,200,OK,Databank group 1-1,text,true,9826,117
1359051950066,285,Add Item from object,200,OK,Databank group 1-1,text,true,9826,257
1359051950392,176,Add Item from object,200,OK,Databank group 1-1,text,true,10092,148
1359051950815,125,Add Item from object,200,OK,Databank group 1-1,text,true,9829,97
1359051951205,163,Add Item from object,200,OK,Databank group 1-1,text,true,9826,134
1359051951907,138,Add Item from object,200,OK,Databank group 1-1,text,true,9826,110
1359051952075,133,Add Item from object,200,OK,Databank group 1-1,text,true,10092,104
1359051952239,145,Add Item from object,200,OK,Databank group 1-1,text,true,10354,116
1359051952636,134,Add Item from object,200,OK,Databank group 1-1,text,true,9826,103
1359051952826,139,Add Item from object,200,OK,Databank group 1-1,text,true,10089,112
1359051953213,129,Add Item from object,200,OK,Databank group 1-1,text,true,9826,99
1359051953586,259,Add Item from object,200,OK,Databank group 1-1,text,true,9826,227
1359051953873,140,Add Item from object,200,OK,Databank group 1-1,text,true,10089,110
1359051954041,578,Add Item from object,200,OK,Databank group 1-1,text,true,10352,547
1359051954649,150,Add Item from object,200,OK,Databank group 1-1,text,true,10615,118
1359051954833,144,Add Item from object,200,OK,Databank group 1-1,text,true,10882,113
1359051955231,131,Add Item from object,200,OK,Databank group 1-1,text,true,9824,103
1359051955681,151,Add Item from object,200,OK,Databank group 1-1,text,true,9826,123
1359051955860,139,Add Item from object,200,OK,Databank group 1-1,text,true,10092,106
1359051956250,134,Add Item from object,200,OK,Databank group 1-1,text,true,9826,104
1359051956735,132,Add Item from object,200,OK,Databank group 1-1,text,true,9826,98
1359051957105,132,Add Item from object,200,OK,Databank group 1-1,text,true,9826,105
1359051957268,165,Add Item from object,200,OK,Databank group 1-1,text,true,10089,134
1359051957468,156,Add Item from object,200,OK,Databank group 1-1,text,true,10355,127
1359051957883,188,Add Item from object,200,OK,Databank group 1-1,text,true,9826,160
1359051958312,162,Add Item from object,200,OK,Databank group 1-1,text,true,9826,134
1359051958504,236,Add Item from object,200,OK,Databank group 1-1,text,true,10080,207
1359051958772,150,Add Item from object,200,OK,Databank group 1-1,text,true,10337,122
1359051959186,195,Add Item from object,200,OK,Databank group 1-1,text,true,9826,165
1359051959638,129,Add Item from object,200,OK,Databank group 1-1,text,true,9829,102
1359051960053,157,Add Item from object,200,OK,Databank group 1-1,text,true,9829,130
1359051960444,132,Add Item from object,200,OK,Databank group 1-1,text,true,9826,105
1359051960603,146,Add Item from object,200,OK,Databank group 1-1,text,true,10087,118
1359051960996,135,Add Item from object,200,OK,Databank group 1-1,text,true,9791,107
1359051961166,300,Add Item from object,200,OK,Databank group 1-1,text,true,10089,259
1359051961613,139,Add Item from object,200,OK,Databank group 1-1,text,true,10352,110
1359051961778,181,Add Item from object,200,OK,Databank group 1-1,text,true,10612,151
1359051962202,123,Add Item from object,200,OK,Databank group 1-1,text,true,9829,95
1359051962353,336,Add Item from object,200,OK,Databank group 1-1,text,true,10091,306
1359051962943,145,Add Item from object,200,OK,Databank group 1-1,text,true,9826,116
1359051963321,273,Add Item from object,200,OK,Databank group 1-1,text,true,9829,245
1359051963632,196,Add Item from object,200,OK,Databank group 1-1,text,true,10091,168
1359051964076,155,Add Item from object,200,OK,Databank group 1-1,text,true,9826,126
1359051964478,135,Add Item from object,200,OK,Databank group 1-1,text,true,9829,107
1359051964911,130,Add Item from object,200,OK,Databank group 1-1,text,true,9829,101
1359051965070,161,Add Item from object,200,OK,Databank group 1-1,text,true,10094,129
1359051965465,129,Add Item from object,200,OK,Databank group 1-1,text,true,9829,101
1359051965620,209,Add Item from object,200,OK,Databank group 1-1,text,true,10091,181
1359051965858,137,Add Item from object,200,OK,Databank group 1-1,text,true,10354,102
1359051966311,415,Add Item from object,200,OK,Databank group 1-1,text,true,9826,387
1359051966859,144,Add Item from object,200,OK,Databank group 1-1,text,true,10088,115
1359051967233,133,Add Item from object,200,OK,Databank group 1-1,text,true,9827,106
1359051967593,254,Add Item from object,200,OK,Databank group 1-1,text,true,9826,219
1359051968111,166,Add Item from object,200,OK,Databank group 1-1,text,true,9826,138
1359051968531,253,Add Item from object,200,OK,Databank group 1-1,text,true,9826,221
1359051969023,128,Add Item from object,200,OK,Databank group 1-1,text,true,9829,99
1359051969183,209,Add Item from object,200,OK,Databank group 1-1,text,true,10091,178
1359051969662,144,Add Item from object,200,OK,Databank group 1-1,text,true,9826,116
1359051970109,142,Add Item from object,200,OK,Databank group 1-1,text,true,9826,113
1359051970281,129,Add Item from object,200,OK,Databank group 1-1,text,true,10089,100
1359051970436,161,Add Item from object,200,OK,Databank group 1-1,text,true,10352,133
1359051970821,222,Add Item from object,200,OK,Databank group 1-1,text,true,9826,194
1359051971272,191,Add Item from object,200,OK,Databank group 1-1,text,true,9826,163
1359051971722,130,Add Item from object,200,OK,Databank group 1-1,text,true,9829,103
1359051972080,136,Add Item from object,200,OK,Databank group 1-1,text,true,9826,108
1359051972245,137,Add Item from object,200,OK,Databank group 1-1,text,true,10089,109
1359051972616,128,Add Item from object,200,OK,Databank group 1-1,text,true,9824,99
1359051972854,135,Add Item from object,200,OK,Databank group 1-1,text,true,10054,106
1359051973015,411,Add Item from object,200,OK,Databank group 1-1,text,true,10352,376
1359051973699,132,Add Item from object,200,OK,Databank group 1-1,text,true,9826,104
1359051973863,166,Add Item from object,200,OK,Databank group 1-1,text,true,10089,137
1359051974267,139,Add Item from object,200,OK,Databank group 1-1,text,true,9826,110
1359051974645,158,Add Item from object,200,OK,Databank group 1-1,text,true,9829,129
1359051975042,159,Add Item from object,200,OK,Databank group 1-1,text,true,9826,122
1359051975431,173,Add Item from object,200,OK,Databank group 1-1,text,true,9826,145
1359051975853,147,Add Item from object,200,OK,Databank group 1-1,text,true,9826,119
1359051976025,134,Add Item from object,200,OK,Databank group 1-1,text,true,10089,107
1359051976466,130,Add Item from object,200,OK,Databank group 1-1,text,true,9829,101
1359051976902,193,Add Item from object,200,OK,Databank group 1-1,text,true,9826,164
1359051977123,155,Add Item from object,200,OK,Databank group 1-1,text,true,10089,126
1359051977511,295,Add Item from object,200,OK,Databank group 1-1,text,true,9829,266
1359051978040,140,Add Item from object,200,OK,Databank group 1-1,text,true,9824,107
1359051978431,226,Add Item from object,200,OK,Databank group 1-1,text,true,9789,193
1359051978683,139,Add Item from object,200,OK,Databank group 1-1,text,true,10089,109
1359051979071,200,Add Item from object,200,OK,Databank group 1-1,text,true,9826,173
1359051979296,130,Add Item from object,200,OK,Databank group 1-1,text,true,10092,102
1359051979723,124,Add Item from object,200,OK,Databank group 1-1,text,true,9826,95
1359051980100,140,Add Item from object,200,OK,Databank group 1-1,text,true,9826,110
1359051980264,148,Add Item from object,200,OK,Databank group 1-1,text,true,10092,119
1359051980646,837,Add Item from object,200,OK,Databank group 1-1,text,true,9826,809
1359051981511,256,Add Item from object,200,OK,Databank group 1-1,text,true,10089,105
1359051981797,165,Add Item from object,200,OK,Databank group 1-1,text,true,10352,136
1359051982186,527,Add Item from object,200,OK,Databank group 1-1,text,true,9826,499
1359051982951,160,Add Item from object,200,OK,Databank group 1-1,text,true,9829,130
1359051983345,141,Add Item from object,200,OK,Databank group 1-1,text,true,9829,113
1359051983778,147,Add Item from object,200,OK,Databank group 1-1,text,true,9847,118
1359051984013,145,Add Item from object,200,OK,Databank group 1-1,text,true,10124,111
1359051984183,148,Add Item from object,200,OK,Databank group 1-1,text,true,10419,118
1359051984357,154,Add Item from object,200,OK,Databank group 1-1,text,true,10776,118
1359051984539,147,Add Item from object,200,OK,Databank group 1-1,text,true,11036,115
1359051984712,146,Add Item from object,200,OK,Databank group 1-1,text,true,11316,114
1359051985098,153,Add Item from object,200,OK,Databank group 1-1,text,true,9791,123
1359051985278,136,Add Item from object,200,OK,Databank group 1-1,text,true,10089,107
1359051985644,138,Add Item from object,200,OK,Databank group 1-1,text,true,9826,111
1359051985808,144,Add Item from object,200,OK,Databank group 1-1,text,true,10089,115
1359051986182,142,Add Item from object,200,OK,Databank group 1-1,text,true,9829,115
1359051986556,168,Add Item from object,200,OK,Databank group 1-1,text,true,9826,140
1359051986748,150,Add Item from object,200,OK,Databank group 1-1,text,true,10092,122
1359051987144,136,Add Item from object,200,OK,Databank group 1-1,text,true,9829,109
1359051987654,139,Add Item from object,200,OK,Databank group 1-1,text,true,9829,111
1359051988024,133,Add Item from object,200,OK,Databank group 1-1,text,true,9826,104
1359051988405,136,Add Item from object,200,OK,Databank group 1-1,text,true,9829,109
1359051988784,141,Add Item from object,200,OK,Databank group 1-1,text,true,9826,114
1359051988952,136,Add Item from object,200,OK,Databank group 1-1,text,true,10089,108
1359051989335,123,Add Item from object,200,OK,Databank group 1-1,text,true,9817,96
1359051989487,173,Add Item from object,200,OK,Databank group 1-1,text,true,10083,145
1359051989902,246,Add Item from object,200,OK,Databank group 1-1,text,true,9824,218
1359051990384,131,Add Item from object,200,OK,Databank group 1-1,text,true,9826,103
1359051990834,137,Add Item from object,200,OK,Databank group 1-1,text,true,9826,109
1359051991213,523,Add Item from object,200,OK,Databank group 1-1,text,true,9826,490
1359051991767,356,Add Item from object,200,OK,Databank group 1-1,text,true,10089,326
1359051992352,131,Add Item from object,200,OK,Databank group 1-1,text,true,9829,103
1359051992509,158,Add Item from object,200,OK,Databank group 1-1,text,true,10091,130
1359051992695,146,Add Item from object,200,OK,Databank group 1-1,text,true,10357,117
1359051993079,133,Add Item from object,200,OK,Databank group 1-1,text,true,9829,105
1359051993245,133,Add Item from object,200,OK,Databank group 1-1,text,true,10091,105
1359051993817,249,Add Item from object,200,OK,Databank group 1-1,text,true,9826,222
1359051994300,134,Add Item from object,200,OK,Databank group 1-1,text,true,9829,107
1359051994680,157,Add Item from object,200,OK,Databank group 1-1,text,true,9826,129
1359051995159,142,Add Item from object,200,OK,Databank group 1-1,text,true,9829,115
1359051995544,132,Add Item from object,200,OK,Databank group 1-1,text,true,9826,104
1359051995701,148,Add Item from object,200,OK,Databank group 1-1,text,true,10089,114
1359051996090,129,Add Item from object,200,OK,Databank group 1-1,text,true,9824,97
1359051996253,132,Add Item from object,200,OK,Databank group 1-1,text,true,10052,105
1359051996411,135,Add Item from object,200,OK,Databank group 1-1,text,true,10352,107
1359051996790,160,Add Item from object,200,OK,Databank group 1-1,text,true,9829,133
1359051997184,141,Add Item from object,200,OK,Databank group 1-1,text,true,9826,114
1359051997355,219,Add Item from object,200,OK,Databank group 1-1,text,true,10089,192
1359051997822,237,Add Item from object,200,OK,Databank group 1-1,text,true,9826,210
1359051998312,128,Add Item from object,200,OK,Databank group 1-1,text,true,9826,102
1359051998809,415,Add Item from object,200,OK,Databank group 1-1,text,true,9826,380
1359051999470,122,Add Item from object,200,OK,Databank group 1-1,text,true,9826,95
1359051999617,1124,Add Item from object,200,OK,Databank group 1-1,text,true,10089,1095
1359052000775,155,Add Item from object,200,OK,Databank group 1-1,text,true,10352,118
1359052000956,151,Add Item from object,200,OK,Databank group 1-1,text,true,10618,116
1359052001140,171,Add Item from object,200,OK,Databank group 1-1,text,true,10881,140
1359052001554,144,Add Item from object,200,OK,Databank group 1-1,text,true,9826,117
1359052001942,187,Add Item from object,200,OK,Databank group 1-1,text,true,9837,159
1359052002162,135,Add Item from object,200,OK,Databank group 1-1,text,true,10104,106
1359052002322,138,Add Item from object,200,OK,Databank group 1-1,text,true,10367,110
1359052002695,139,Add Item from object,200,OK,Databank group 1-1,text,true,9838,111
1359052003078,130,Add Item from object,200,OK,Databank group 1-1,text,true,9840,102
1359052003234,149,Add Item from object,200,OK,Databank group 1-1,text,true,10106,120
1359052003408,677,Add Item from object,200,OK,Databank group 1-1,text,true,10372,646
1359052004118,615,Add Item from object,200,OK,Databank group 1-1,text,true,10638,586
1359052005038,127,Add Item from object,200,OK,Databank group 1-1,text,true,9843,100
1359052005190,138,Add Item from object,200,OK,Databank group 1-1,text,true,10108,110
1359052005356,139,Add Item from object,200,OK,Databank group 1-1,text,true,10374,110
1359052005720,139,Add Item from object,200,OK,Databank group 1-1,text,true,9840,111
1359052005884,124,Add Item from object,200,OK,Databank group 1-1,text,true,10109,97
1359052006234,135,Add Item from object,200,OK,Databank group 1-1,text,true,9843,108
1359052006605,447,Add Item from object,200,OK,Databank group 1-1,text,true,9840,418
1359052007298,128,Add Item from object,200,OK,Databank group 1-1,text,true,9840,100
1359052007662,127,Add Item from object,200,OK,Databank group 1-1,text,true,9840,99
1359052008019,128,Add Item from object,200,OK,Databank group 1-1,text,true,9840,99
1359052008472,128,Add Item from object,200,OK,Databank group 1-1,text,true,9843,99
1359052008901,126,Add Item from object,200,OK,Databank group 1-1,text,true,9838,99
1359052009271,127,Add Item from object,200,OK,Databank group 1-1,text,true,9803,99
1359052009427,229,Add Item from object,200,OK,Databank group 1-1,text,true,10106,200
1359052009683,188,Add Item from object,200,OK,Databank group 1-1,text,true,10372,158
1359052010190,152,Add Item from object,200,OK,Databank group 1-1,text,true,9840,125
1359052010586,618,Add Item from object,200,OK,Databank group 1-1,text,true,9840,587
1359052011228,143,Add Item from object,200,OK,Databank group 1-1,text,true,10106,112
1359052011592,147,Add Item from object,200,OK,Databank group 1-1,text,true,9840,119
1359052012003,130,Add Item from object,200,OK,Databank group 1-1,text,true,9837,102
1359052012364,135,Add Item from object,200,OK,Databank group 1-1,text,true,9843,106
1359052012722,189,Add Item from object,200,OK,Databank group 1-1,text,true,9840,161
1359052013211,135,Add Item from object,200,OK,Databank group 1-1,text,true,9843,107
1359052013371,131,Add Item from object,200,OK,Databank group 1-1,text,true,10111,103
1359052013527,140,Add Item from object,200,OK,Databank group 1-1,text,true,10379,110
1359052014055,140,Add Item from object,200,OK,Databank group 1-1,text,true,9840,107
1359052014437,134,Add Item from object,200,OK,Databank group 1-1,text,true,9840,102
1359052014600,2952,Add Item from object,200,OK,Databank group 1-1,text,true,10106,2924
1359052017803,125,Add Item from object,200,OK,Databank group 1-1,text,true,9838,98
1359052018160,139,Add Item from object,200,OK,Databank group 1-1,text,true,9843,112
1359052018536,139,Add Item from object,200,OK,Databank group 1-1,text,true,9843,111
1359052018939,133,Add Item from object,200,OK,Databank group 1-1,text,true,9840,103
1359052019096,126,Add Item from object,200,OK,Databank group 1-1,text,true,10109,98
1359052019529,130,Add Item from object,200,OK,Databank group 1-1,text,true,9840,103
1359052019897,139,Add Item from object,200,OK,Databank group 1-1,text,true,9843,112
1359052020258,137,Add Item from object,200,OK,Databank group 1-1,text,true,9840,110
1359052020623,225,Add Item from object,200,OK,Databank group 1-1,text,true,9837,196
1359052020879,144,Add Item from object,200,OK,Databank group 1-1,text,true,10107,111
1359052021250,139,Add Item from object,200,OK,Databank group 1-1,text,true,9840,111
1359052021630,131,Add Item from object,200,OK,Databank group 1-1,text,true,9843,104
1359052021789,620,Add Item from object,200,OK,Databank group 1-1,text,true,10111,582
1359052022799,129,Add Item from object,200,OK,Databank group 1-1,text,true,9840,102
1359052023296,128,Add Item from object,200,OK,Databank group 1-1,text,true,9838,100
1359052023448,132,Add Item from object,200,OK,Databank group 1-1,text,true,10107,103
1359052024119,149,Add Item from object,200,OK,Databank group 1-1,text,true,9840,121
1359052024576,166,Add Item from object,200,OK,Databank group 1-1,text,true,9840,137
1359052024973,148,Add Item from object,200,OK,Databank group 1-1,text,true,9840,119
1359052025351,192,Add Item from object,200,OK,Databank group 1-1,text,true,9843,165
1359052025774,138,Add Item from object,200,OK,Databank group 1-1,text,true,9840,110
1359052025937,130,Add Item from object,200,OK,Databank group 1-1,text,true,10106,102
1359052026312,131,Add Item from object,200,OK,Databank group 1-1,text,true,9840,104
1359052026676,127,Add Item from object,200,OK,Databank group 1-1,text,true,9840,100
1359052026828,130,Add Item from object,200,OK,Databank group 1-1,text,true,10106,102
1359052027190,140,Add Item from object,200,OK,Databank group 1-1,text,true,9840,107
1359052027360,172,Add Item from object,200,OK,Databank group 1-1,text,true,10106,141
1359052027776,133,Add Item from object,200,OK,Databank group 1-1,text,true,9840,105
1359052028223,137,Add Item from object,200,OK,Databank group 1-1,text,true,9840,109
1359052028600,213,Add Item from object,200,OK,Databank group 1-1,text,true,9838,185
1359052028838,141,Add Item from object,200,OK,Databank group 1-1,text,true,10104,112
1359052029015,154,Add Item from object,200,OK,Databank group 1-1,text,true,10373,125
1359052029404,137,Add Item from object,200,OK,Databank group 1-1,text,true,9843,110
1359052029777,139,Add Item from object,200,OK,Databank group 1-1,text,true,9840,111
1359052029941,133,Add Item from object,200,OK,Databank group 1-1,text,true,10106,104
1359052030324,125,Add Item from object,200,OK,Databank group 1-1,text,true,9840,98
1359052030681,134,Add Item from object,200,OK,Databank group 1-1,text,true,9843,105
1359052030844,247,Add Item from object,200,OK,Databank group 1-1,text,true,10108,212
1359052031335,134,Add Item from object,200,OK,Databank group 1-1,text,true,9843,101
1359052031500,219,Add Item from object,200,OK,Databank group 1-1,text,true,10108,182
1359052032036,316,Add Item from object,200,OK,Databank group 1-1,text,true,9840,289
1359052032384,195,Add Item from object,200,OK,Databank group 1-1,text,true,10109,167
1359052032832,132,Add Item from object,200,OK,Databank group 1-1,text,true,9843,104
1359052033201,206,Add Item from object,200,OK,Databank group 1-1,text,true,9843,179
1359052033432,162,Add Item from object,200,OK,Databank group 1-1,text,true,10108,131
1359052033960,135,Add Item from object,200,OK,Databank group 1-1,text,true,9843,108
1359052034337,204,Add Item from object,200,OK,Databank group 1-1,text,true,9838,177
1359052034817,173,Add Item from object,200,OK,Databank group 1-1,text,true,9803,145
1359052035025,137,Add Item from object,200,OK,Databank group 1-1,text,true,10106,109
1359052035426,136,Add Item from object,200,OK,Databank group 1-1,text,true,9843,104
1359052035807,135,Add Item from object,200,OK,Databank group 1-1,text,true,9843,106
1359052036225,209,Add Item from object,200,OK,Databank group 1-1,text,true,9840,182
1359052036736,132,Add Item from object,200,OK,Databank group 1-1,text,true,9837,104
1359052037103,130,Add Item from object,200,OK,Databank group 1-1,text,true,9840,103
1359052037602,120,Add Item from object,200,OK,Databank group 1-1,text,true,9843,94
1359052037747,133,Add Item from object,200,OK,Databank group 1-1,text,true,10111,103
1359052038138,153,Add Item from object,200,OK,Databank group 1-1,text,true,9843,121
1359052038322,142,Add Item from object,200,OK,Databank group 1-1,text,true,10108,114
1359052038702,262,Add Item from object,200,OK,Databank group 1-1,text,true,9840,235
1359052039202,164,Add Item from object,200,OK,Databank group 1-1,text,true,9840,136
1359052039606,136,Add Item from object,200,OK,Databank group 1-1,text,true,9843,109
1359052039767,145,Add Item from object,200,OK,Databank group 1-1,text,true,10107,116
1359052040156,148,Add Item from object,200,OK,Databank group 1-1,text,true,9838,114
1359052040612,148,Add Item from object,200,OK,Databank group 1-1,text,true,9840,121
1359052040785,174,Add Item from object,200,OK,Databank group 1-1,text,true,10109,145
1359052041192,129,Add Item from object,200,OK,Databank group 1-1,text,true,9843,97
1359052041345,189,Add Item from object,200,OK,Databank group 1-1,text,true,10108,160
1359052041563,159,Add Item from object,200,OK,Databank group 1-1,text,true,10374,132
1359052041961,133,Add Item from object,200,OK,Databank group 1-1,text,true,9840,107
1359052042121,136,Add Item from object,200,OK,Databank group 1-1,text,true,10106,108
1359052042518,126,Add Item from object,200,OK,Databank group 1-1,text,true,9843,94
1359052042874,138,Add Item from object,200,OK,Databank group 1-1,text,true,9843,106
1359052043245,283,Add Item from object,200,OK,Databank group 1-1,text,true,9840,249
1359052044224,151,Add Item from object,200,OK,Databank group 1-1,text,true,9837,117
1359052044627,147,Add Item from object,200,OK,Databank group 1-1,text,true,9840,114
1359052045081,136,Add Item from object,200,OK,Databank group 1-1,text,true,9840,99
1359052045445,131,Add Item from object,200,OK,Databank group 1-1,text,true,9840,103
1359052045600,140,Add Item from object,200,OK,Databank group 1-1,text,true,10104,110
1359052045981,192,Add Item from object,200,OK,Databank group 1-1,text,true,9796,166
1359052046197,235,Add Item from object,200,OK,Databank group 1-1,text,true,10103,206
1359052046456,149,Add Item from object,200,OK,Databank group 1-1,text,true,10359,120
1359052046633,138,Add Item from object,200,OK,Databank group 1-1,text,true,10628,110
1359052047015,134,Add Item from object,200,OK,Databank group 1-1,text,true,9840,107
1359052047181,159,Add Item from object,200,OK,Databank group 1-1,text,true,10109,130
1359052047597,125,Add Item from object,200,OK,Databank group 1-1,text,true,9840,98
1359052047750,135,Add Item from object,200,OK,Databank group 1-1,text,true,10109,106
1359052047915,134,Add Item from object,200,OK,Databank group 1-1,text,true,10374,105
1359052048077,147,Add Item from object,200,OK,Databank group 1-1,text,true,10640,117
1359052048458,199,Add Item from object,200,OK,Databank group 1-1,text,true,9840,171
1359052049018,270,Add Item from object,200,OK,Databank group 1-1,text,true,9840,243
1359052049312,182,Add Item from object,200,OK,Databank group 1-1,text,true,10106,155
1359052049737,121,Add Item from object,200,OK,Databank group 1-1,text,true,9840,94
1359052049887,136,Add Item from object,200,OK,Databank group 1-1,text,true,10106,107
1359052050261,143,Add Item from object,200,OK,Databank group 1-1,text,true,9840,116
1359052050630,130,Add Item from object,200,OK,Databank group 1-1,text,true,9840,101
1359052050785,164,Add Item from object,200,OK,Databank group 1-1,text,true,10106,137
1359052050973,156,Add Item from object,200,OK,Databank group 1-1,text,true,10372,121
1359052051160,137,Add Item from object,200,OK,Databank group 1-1,text,true,10636,106
1359052051324,137,Add Item from object,200,OK,Databank group 1-1,text,true,10903,108
1359052051486,159,Add Item from object,200,OK,Databank group 1-1,text,true,11172,128
1359052051900,1725,Add Item from object,200,OK,Databank group 1-1,text,true,9840,1678
1359052054088,143,Add Item from object,200,OK,Databank group 1-1,text,true,9843,108
1359052054260,136,Add Item from object,200,OK,Databank group 1-1,text,true,10108,108
1359052054627,228,Add Item from object,200,OK,Databank group 1-1,text,true,9840,200
1359052055162,123,Add Item from object,200,OK,Databank group 1-1,text,true,9840,95
1359052055524,128,Add Item from object,200,OK,Databank group 1-1,text,true,9843,102
1359052055899,166,Add Item from object,200,OK,Databank group 1-1,text,true,9840,139
1359052056090,127,Add Item from object,200,OK,Databank group 1-1,text,true,10106,99
1359052056457,287,Add Item from object,200,OK,Databank group 1-1,text,true,9840,259
1359052056985,125,Add Item from object,200,OK,Databank group 1-1,text,true,9843,99
1359052057367,327,Add Item from object,200,OK,Databank group 1-1,text,true,9840,301
1359052057722,187,Add Item from object,200,OK,Databank group 1-1,text,true,10106,158
1359052058135,130,Add Item from object,200,OK,Databank group 1-1,text,true,9840,102
1359052058290,132,Add Item from object,200,OK,Databank group 1-1,text,true,10106,103
1359052058453,139,Add Item from object,200,OK,Databank group 1-1,text,true,10370,110
1359052058621,695,Add Item from object,200,OK,Databank group 1-1,text,true,10636,665
1359052059566,137,Add Item from object,200,OK,Databank group 1-1,text,true,9840,105
1359052060012,147,Add Item from object,200,OK,Databank group 1-1,text,true,9843,114
1359052060408,136,Add Item from object,200,OK,Databank group 1-1,text,true,9840,104
1359052060572,124,Add Item from object,200,OK,Databank group 1-1,text,true,10109,97
1359052060923,124,Add Item from object,200,OK,Databank group 1-1,text,true,9843,97
1359052061073,136,Add Item from object,200,OK,Databank group 1-1,text,true,10111,109
1359052061241,152,Add Item from object,200,OK,Databank group 1-1,text,true,10379,124
1359052061627,149,Add Item from object,200,OK,Databank group 1-1,text,true,9843,123
1359052062016,127,Add Item from object,200,OK,Databank group 1-1,text,true,9840,100
1359052062169,128,Add Item from object,200,OK,Databank group 1-1,text,true,10106,100
1359052062547,128,Add Item from object,200,OK,Databank group 1-1,text,true,9840,100
1359052062920,130,Add Item from object,200,OK,Databank group 1-1,text,true,9843,102
1359052063277,155,Add Item from object,200,OK,Databank group 1-1,text,true,9840,125
1359052063745,225,Add Item from object,200,OK,Databank group 1-1,text,true,9840,197
1359052064000,138,Add Item from object,200,OK,Databank group 1-1,text,true,10106,110
1359052064385,140,Add Item from object,200,OK,Databank group 1-1,text,true,9838,112
1359052064748,126,Add Item from object,200,OK,Databank group 1-1,text,true,9843,99
1359052064907,155,Add Item from object,200,OK,Databank group 1-1,text,true,10108,127
1359052065292,139,Add Item from object,200,OK,Databank group 1-1,text,true,9840,111
1359052065666,123,Add Item from object,200,OK,Databank group 1-1,text,true,9843,96
1359052066020,133,Add Item from object,200,OK,Databank group 1-1,text,true,9840,106
1359052066377,145,Add Item from object,200,OK,Databank group 1-1,text,true,9843,117
1359052066750,132,Add Item from object,200,OK,Databank group 1-1,text,true,9843,104
1359052066913,136,Add Item from object,200,OK,Databank group 1-1,text,true,10108,108
1359052067363,129,Add Item from object,200,OK,Databank group 1-1,text,true,9843,102
1359052067520,128,Add Item from object,200,OK,Databank group 1-1,text,true,10111,101
1359052067893,136,Add Item from object,200,OK,Databank group 1-1,text,true,9840,109
1359052068054,131,Add Item from object,200,OK,Databank group 1-1,text,true,10109,104
1359052068431,188,Add Item from object,200,OK,Databank group 1-1,text,true,9840,162
1359052068643,305,Add Item from object,200,OK,Databank group 1-1,text,true,10106,277
1359052069188,137,Add Item from object,200,OK,Databank group 1-1,text,true,9842,109
1359052069565,169,Add Item from object,200,OK,Databank group 1-1,text,true,9838,140
1359052069766,139,Add Item from object,200,OK,Databank group 1-1,text,true,10107,110
1359052070150,129,Add Item from object,200,OK,Databank group 1-1,text,true,9843,100
1359052070604,127,Add Item from object,200,OK,Databank group 1-1,text,true,9840,100
1359052070966,137,Add Item from object,200,OK,Databank group 1-1,text,true,9840,110
1359052071138,133,Add Item from object,200,OK,Databank group 1-1,text,true,10109,104
1359052071577,132,Add Item from object,200,OK,Databank group 1-1,text,true,9840,105
1359052071734,465,Add Item from object,200,OK,Databank group 1-1,text,true,10106,436
1359052072227,143,Add Item from object,200,OK,Databank group 1-1,text,true,10372,110
1359052072648,130,Add Item from object,200,OK,Databank group 1-1,text,true,9843,102
1359052072804,139,Add Item from object,200,OK,Databank group 1-1,text,true,10111,111
1359052073197,130,Add Item from object,200,OK,Databank group 1-1,text,true,9843,103
1359052073355,133,Add Item from object,200,OK,Databank group 1-1,text,true,10111,106
1359052073715,261,Add Item from object,200,OK,Databank group 1-1,text,true,9840,233
1359052074224,142,Add Item from object,200,OK,Databank group 1-1,text,true,9840,113
1359052074600,131,Add Item from object,200,OK,Databank group 1-1,text,true,9840,104
1359052074971,121,Add Item from object,200,OK,Databank group 1-1,text,true,9838,93
1359052075117,137,Add Item from object,200,OK,Databank group 1-1,text,true,10104,106
1359052075282,136,Add Item from object,200,OK,Databank group 1-1,text,true,10373,106
1359052075651,129,Add Item from object,200,OK,Databank group 1-1,text,true,9840,101
1359052075876,133,Add Item from object,200,OK,Databank group 1-1,text,true,10106,100
1359052076034,149,Add Item from object,200,OK,Databank group 1-1,text,true,10372,119
1359052076420,123,Add Item from object,200,OK,Databank group 1-1,text,true,9840,96
1359052076790,124,Add Item from object,200,OK,Databank group 1-1,text,true,9840,97
1359052077145,141,Add Item from object,200,OK,Databank group 1-1,text,true,9840,115
1359052077522,142,Add Item from object,200,OK,Databank group 1-1,text,true,9843,116
1359052077687,157,Add Item from object,200,OK,Databank group 1-1,text,true,10111,129
1359052078092,162,Add Item from object,200,OK,Databank group 1-1,text,true,9840,135
1359052078496,131,Add Item from object,200,OK,Databank group 1-1,text,true,9840,103
1359052078658,144,Add Item from object,200,OK,Databank group 1-1,text,true,10106,114
1359052078827,136,Add Item from object,200,OK,Databank group 1-1,text,true,10372,108
1359052079203,132,Add Item from object,200,OK,Databank group 1-1,text,true,9843,105
1359052079364,143,Add Item from object,200,OK,Databank group 1-1,text,true,10108,116
1359052079816,140,Add Item from object,200,OK,Databank group 1-1,text,true,9842,113
1359052080194,196,Add Item from object,200,OK,Databank group 1-1,text,true,9838,165
1359052080810,237,Add Item from object,200,OK,Databank group 1-1,text,true,9840,209
1359052081278,324,Add Item from object,200,OK,Databank group 1-1,text,true,9840,295
1359052081633,134,Add Item from object,200,OK,Databank group 1-1,text,true,10106,107
1359052082008,130,Add Item from object,200,OK,Databank group 1-1,text,true,9840,103
1359052082393,143,Add Item from object,200,OK,Databank group 1-1,text,true,9843,109
1359052082563,140,Add Item from object,200,OK,Databank group 1-1,text,true,10111,111
1359052082729,287,Add Item from object,200,OK,Databank group 1-1,text,true,10376,259
1359052083257,135,Add Item from object,200,OK,Databank group 1-1,text,true,9840,102
1359052083420,138,Add Item from object,200,OK,Databank group 1-1,text,true,10106,109
1359052083586,162,Add Item from object,200,OK,Databank group 1-1,text,true,10372,133
1359052084187,142,Add Item from object,200,OK,Databank group 1-1,text,true,9840,110
1359052084645,128,Add Item from object,200,OK,Databank group 1-1,text,true,9840,101
1359052085088,129,Add Item from object,200,OK,Databank group 1-1,text,true,9840,102
1359052085456,173,Add Item from object,200,OK,Databank group 1-1,text,true,9840,147
1359052085872,419,Add Item from object,200,OK,Databank group 1-1,text,true,9838,392
1359052086527,136,Add Item from object,200,OK,Databank group 1-1,text,true,9808,104
1359052086905,136,Add Item from object,200,OK,Databank group 1-1,text,true,9840,110
1359052087066,133,Add Item from object,200,OK,Databank group 1-1,text,true,10106,104
1359052087225,154,Add Item from object,200,OK,Databank group 1-1,text,true,10375,122
1359052087626,134,Add Item from object,200,OK,Databank group 1-1,text,true,9840,105
1359052087996,146,Add Item from object,200,OK,Databank group 1-1,text,true,9843,118
1359052088167,155,Add Item from object,200,OK,Databank group 1-1,text,true,10111,126
1359052088572,125,Add Item from object,200,OK,Databank group 1-1,text,true,9840,97
1359052088796,165,Add Item from object,200,OK,Databank group 1-1,text,true,10106,137
1359052088986,147,Add Item from object,200,OK,Databank group 1-1,text,true,10372,117
1359052089365,134,Add Item from object,200,OK,Databank group 1-1,text,true,9840,105
1359052089735,178,Add Item from object,200,OK,Databank group 1-1,text,true,9843,151
1359052090142,193,Add Item from object,200,OK,Databank group 1-1,text,true,9840,166
1359052090570,696,Add Item from object,200,OK,Databank group 1-1,text,true,9840,669
1359052091490,142,Add Item from object,200,OK,Databank group 1-1,text,true,9840,112
1359052091868,172,Add Item from object,200,OK,Databank group 1-1,text,true,9838,142
1359052092275,149,Add Item from object,200,OK,Databank group 1-1,text,true,9840,116
1359052092784,127,Add Item from object,200,OK,Databank group 1-1,text,true,9843,100
1359052093215,181,Add Item from object,200,OK,Databank group 1-1,text,true,9840,150
1359052093420,133,Add Item from object,200,OK,Databank group 1-1,text,true,10106,104
1359052093577,1543,Add Item from object,200,OK,Databank group 1-1,text,true,10372,1509
1359052095159,157,Add Item from object,200,OK,Databank group 1-1,text,true,10641,123
1359052095563,146,Add Item from object,200,OK,Databank group 1-1,text,true,9840,118
1359052095939,132,Add Item from object,200,OK,Databank group 1-1,text,true,9840,104
1359052096304,809,Add Item from object,200,OK,Databank group 1-1,text,true,9840,781
1359052097340,147,Add Item from object,200,OK,Databank group 1-1,text,true,9840,120
1359052097793,130,Add Item from object,200,OK,Databank group 1-1,text,true,9840,103
1359052098157,135,Add Item from object,200,OK,Databank group 1-1,text,true,9843,109
1359052098318,135,Add Item from object,200,OK,Databank group 1-1,text,true,10111,104
1359052098481,152,Add Item from object,200,OK,Databank group 1-1,text,true,10376,123
1359052098898,132,Add Item from object,200,OK,Databank group 1-1,text,true,9840,99
1359052099331,146,Add Item from object,200,OK,Databank group 1-1,text,true,9841,113
1359052099506,139,Add Item from object,200,OK,Databank group 1-1,text,true,10074,104
1359052099894,135,Add Item from object,200,OK,Databank group 1-1,text,true,9840,106
1359052100258,167,Add Item from object,200,OK,Databank group 1-1,text,true,9840,135
1359052100670,130,Add Item from object,200,OK,Databank group 1-1,text,true,9840,102
1359052100825,129,Add Item from object,200,OK,Databank group 1-1,text,true,10109,100
1359052101181,143,Add Item from object,200,OK,Databank group 1-1,text,true,9840,115
1359052101556,147,Add Item from object,200,OK,Databank group 1-1,text,true,9843,119
1359052101731,170,Add Item from object,200,OK,Databank group 1-1,text,true,10108,142
1359052102161,125,Add Item from object,200,OK,Databank group 1-1,text,true,9840,97
1359052102521,177,Add Item from object,200,OK,Databank group 1-1,text,true,9837,150
1359052102939,127,Add Item from object,200,OK,Databank group 1-1,text,true,9843,98
1359052103383,225,Add Item from object,200,OK,Databank group 1-1,text,true,9840,195
1359052104124,126,Add Item from object,200,OK,Databank group 1-1,text,true,9840,97
1359052104490,152,Add Item from object,200,OK,Databank group 1-1,text,true,9838,123
1359052104880,171,Add Item from object,200,OK,Databank group 1-1,text,true,9805,136
1359052105292,137,Add Item from object,200,OK,Databank group 1-1,text,true,9840,108
1359052105665,128,Add Item from object,200,OK,Databank group 1-1,text,true,9840,102
1359052105820,182,Add Item from object,200,OK,Databank group 1-1,text,true,10109,154
1359052106240,126,Add Item from object,200,OK,Databank group 1-1,text,true,9843,99
1359052106603,177,Add Item from object,200,OK,Databank group 1-1,text,true,9840,150
1359052107017,129,Add Item from object,200,OK,Databank group 1-1,text,true,9840,101
1359052107170,162,Add Item from object,200,OK,Databank group 1-1,text,true,10109,135
1359052107359,159,Add Item from object,200,OK,Databank group 1-1,text,true,10374,128
1359052107900,134,Add Item from object,200,OK,Databank group 1-1,text,true,9840,108
1359052108259,134,Add Item from object,200,OK,Databank group 1-1,text,true,9840,107
1359052108636,127,Add Item from object,200,OK,Databank group 1-1,text,true,9843,100
1359052109006,133,Add Item from object,200,OK,Databank group 1-1,text,true,9840,106
1359052109381,167,Add Item from object,200,OK,Databank group 1-1,text,true,9840,139
1359052109578,178,Add Item from object,200,OK,Databank group 1-1,text,true,10104,149
1359052110001,141,Add Item from object,200,OK,Databank group 1-1,text,true,9806,113
1359052110371,166,Add Item from object,200,OK,Databank group 1-1,text,true,9837,138
1359052110562,177,Add Item from object,200,OK,Databank group 1-1,text,true,10104,150
1359052110987,130,Add Item from object,200,OK,Databank group 1-1,text,true,9843,103
1359052111143,136,Add Item from object,200,OK,Databank group 1-1,text,true,10111,107
1359052111585,135,Add Item from object,200,OK,Databank group 1-1,text,true,9840,108
1359052111953,226,Add Item from object,200,OK,Databank group 1-1,text,true,9840,198
1359052112204,143,Add Item from object,200,OK,Databank group 1-1,text,true,10106,116
1359052112594,260,Add Item from object,200,OK,Databank group 1-1,text,true,9843,233
1359052113089,240,Add Item from object,200,OK,Databank group 1-1,text,true,9840,212
1359052113566,138,Add Item from object,200,OK,Databank group 1-1,text,true,9840,110
1359052113733,246,Add Item from object,200,OK,Databank group 1-1,text,true,10106,217
1359052114009,132,Add Item from object,200,OK,Databank group 1-1,text,true,10375,104
1359052114166,140,Add Item from object,200,OK,Databank group 1-1,text,true,10643,110
1359052114333,142,Add Item from object,200,OK,Databank group 1-1,text,true,10912,112
1359052114715,136,Add Item from object,200,OK,Databank group 1-1,text,true,9840,108
1359052114878,622,Add Item from object,200,OK,Databank group 1-1,text,true,10106,588
1359052115746,124,Add Item from object,200,OK,Databank group 1-1,text,true,9838,97
1359052116109,447,Add Item from object,200,OK,Databank group 1-1,text,true,9840,420
1359052116863,137,Add Item from object,200,OK,Databank group 1-1,text,true,9843,110
1359052117237,166,Add Item from object,200,OK,Databank group 1-1,text,true,9840,138
1359052117689,163,Add Item from object,200,OK,Databank group 1-1,text,true,9840,133
1359052118098,125,Add Item from object,200,OK,Databank group 1-1,text,true,9840,97
1359052118461,141,Add Item from object,200,OK,Databank group 1-1,text,true,9837,113
1359052118631,414,Add Item from object,200,OK,Databank group 1-1,text,true,10104,386
1359052119076,146,Add Item from object,200,OK,Databank group 1-1,text,true,10370,118
1359052119460,135,Add Item from object,200,OK,Databank group 1-1,text,true,9843,107
1359052119828,185,Add Item from object,200,OK,Databank group 1-1,text,true,9840,153
1359052120250,130,Add Item from object,200,OK,Databank group 1-1,text,true,9843,103
1359052120405,148,Add Item from object,200,OK,Databank group 1-1,text,true,10111,121
1359052120863,128,Add Item from object,200,OK,Databank group 1-1,text,true,9843,101
1359052121016,138,Add Item from object,200,OK,Databank group 1-1,text,true,10108,109
1359052121186,139,Add Item from object,200,OK,Databank group 1-1,text,true,10374,110
1359052121578,134,Add Item from object,200,OK,Databank group 1-1,text,true,9838,106
1359052121745,187,Add Item from object,200,OK,Databank group 1-1,text,true,10069,157
1359052122162,128,Add Item from object,200,OK,Databank group 1-1,text,true,9843,100
1359052122316,145,Add Item from object,200,OK,Databank group 1-1,text,true,10111,118
1359052122702,125,Add Item from object,200,OK,Databank group 1-1,text,true,9840,95
1359052122859,142,Add Item from object,200,OK,Databank group 1-1,text,true,10106,113
1359052123239,142,Add Item from object,200,OK,Databank group 1-1,text,true,9840,110
1359052123406,740,Add Item from object,200,OK,Databank group 1-1,text,true,10106,712
1359052124392,164,Add Item from object,200,OK,Databank group 1-1,text,true,9837,130
1359052124588,163,Add Item from object,200,OK,Databank group 1-1,text,true,10104,134
1359052124988,149,Add Item from object,200,OK,Databank group 1-1,text,true,9840,121
1359052125386,146,Add Item from object,200,OK,Databank group 1-1,text,true,9840,118
1359052125637,138,Add Item from object,200,OK,Databank group 1-1,text,true,10106,110
1359052126013,134,Add Item from object,200,OK,Databank group 1-1,text,true,9840,105
1359052126173,161,Add Item from object,200,OK,Databank group 1-1,text,true,10109,125
1359052126569,130,Add Item from object,200,OK,Databank group 1-1,text,true,9840,102
1359052126723,306,Add Item from object,200,OK,Databank group 1-1,text,true,10103,278
1359052127274,131,Add Item from object,200,OK,Databank group 1-1,text,true,9841,103
1359052127431,140,Add Item from object,200,OK,Databank group 1-1,text,true,10106,106
1359052127818,270,Add Item from object,200,OK,Databank group 1-1,text,true,9840,243
1359052128331,144,Add Item from object,200,OK,Databank group 1-1,text,true,9843,116
1359052128722,443,Add Item from object,200,OK,Databank group 1-1,text,true,9840,414
1359052129419,144,Add Item from object,200,OK,Databank group 1-1,text,true,9840,115
1359052129804,252,Add Item from object,200,OK,Databank group 1-1,text,true,9840,225
1359052130371,142,Add Item from object,200,OK,Databank group 1-1,text,true,9840,111
1359052130541,131,Add Item from object,200,OK,Databank group 1-1,text,true,10106,102
1359052130910,127,Add Item from object,200,OK,Databank group 1-1,text,true,9840,99
1359052131062,147,Add Item from object,200,OK,Databank group 1-1,text,true,10106,118
1359052131447,132,Add Item from object,200,OK,Databank group 1-1,text,true,9843,105
1359052131815,158,Add Item from object,200,OK,Databank group 1-1,text,true,9840,131
1359052132200,220,Add Item from object,200,OK,Databank group 1-1,text,true,9843,192
1359052132449,133,Add Item from object,200,OK,Databank group 1-1,text,true,10111,104
1359052132907,601,Add Item from object,200,OK,Databank group 1-1,text,true,9839,574
1359052133764,651,Add Item from object,200,OK,Databank group 1-1,text,true,9835,623
1359052134658,252,Add Item from object,200,OK,Databank group 1-1,text,true,9840,223
1359052135224,136,Add Item from object,200,OK,Databank group 1-1,text,true,9840,102
1359052135686,149,Add Item from object,200,OK,Databank group 1-1,text,true,9840,118
1359052135867,124,Add Item from object,200,OK,Databank group 1-1,text,true,10109,97
1359052136248,123,Add Item from object,200,OK,Databank group 1-1,text,true,9843,96
1359052136396,155,Add Item from object,200,OK,Databank group 1-1,text,true,10108,122
1359052136580,168,Add Item from object,200,OK,Databank group 1-1,text,true,10374,139
1359052136987,211,Add Item from object,200,OK,Databank group 1-1,text,true,9840,183
1359052137444,137,Add Item from object,200,OK,Databank group 1-1,text,true,9843,109
1359052137817,144,Add Item from object,200,OK,Databank group 1-1,text,true,9840,115
1359052138208,150,Add Item from object,200,OK,Databank group 1-1,text,true,9840,121
1359052138384,159,Add Item from object,200,OK,Databank group 1-1,text,true,10106,127
1359052138571,135,Add Item from object,200,OK,Databank group 1-1,text,true,10372,106
1359052138737,166,Add Item from object,200,OK,Databank group 1-1,text,true,10638,136
1359052139143,133,Add Item from object,200,OK,Databank group 1-1,text,true,9843,105
1359052139301,133,Add Item from object,200,OK,Databank group 1-1,text,true,10107,106
1359052139750,133,Add Item from object,200,OK,Databank group 1-1,text,true,9841,105
1359052140122,155,Add Item from object,200,OK,Databank group 1-1,text,true,9840,127
1359052140302,144,Add Item from object,200,OK,Databank group 1-1,text,true,10106,114
1359052140696,135,Add Item from object,200,OK,Databank group 1-1,text,true,9840,107
1359052141055,154,Add Item from object,200,OK,Databank group 1-1,text,true,9843,126
1359052141234,131,Add Item from object,200,OK,Databank group 1-1,text,true,10108,103
1359052141611,145,Add Item from object,200,OK,Databank group 1-1,text,true,9840,118
1359052141999,132,Add Item from object,200,OK,Databank group 1-1,text,true,9843,105
1359052142360,189,Add Item from object,200,OK,Databank group 1-1,text,true,9840,161
1359052142782,144,Add Item from object,200,OK,Databank group 1-1,text,true,9840,116
1359052143165,135,Add Item from object,200,OK,Databank group 1-1,text,true,9843,107
1359052143614,128,Add Item from object,200,OK,Databank group 1-1,text,true,9840,100
1359052144363,138,Add Item from object,200,OK,Databank group 1-1,text,true,9840,105
1359052144527,129,Add Item from object,200,OK,Databank group 1-1,text,true,10106,100
1359052144683,149,Add Item from object,200,OK,Databank group 1-1,text,true,10372,120
1359052145082,137,Add Item from object,200,OK,Databank group 1-1,text,true,9841,109
1359052145448,144,Add Item from object,200,OK,Databank group 1-1,text,true,9840,110
1359052145619,188,Add Item from object,200,OK,Databank group 1-1,text,true,10109,159
1359052146046,128,Add Item from object,200,OK,Databank group 1-1,text,true,9840,100
1359052146420,209,Add Item from object,200,OK,Databank group 1-1,text,true,9840,181
1359052146876,129,Add Item from object,200,OK,Databank group 1-1,text,true,9840,101
1359052147238,125,Add Item from object,200,OK,Databank group 1-1,text,true,9840,98
1359052147393,150,Add Item from object,200,OK,Databank group 1-1,text,true,10097,112
1359052147857,344,Add Item from object,200,OK,Databank group 1-1,text,true,9837,312
1359052148428,401,Add Item from object,200,OK,Databank group 1-1,text,true,9840,373
1359052149311,137,Add Item from object,200,OK,Databank group 1-1,text,true,9840,107
1359052149686,214,Add Item from object,200,OK,Databank group 1-1,text,true,9840,115
1359052149926,130,Add Item from object,200,OK,Databank group 1-1,text,true,10106,101
1359052150287,134,Add Item from object,200,OK,Databank group 1-1,text,true,9843,108
1359052150665,131,Add Item from object,200,OK,Databank group 1-1,text,true,9838,105
1359052151035,140,Add Item from object,200,OK,Databank group 1-1,text,true,9841,111
1359052151500,129,Add Item from object,200,OK,Databank group 1-1,text,true,9843,101
1359052151869,139,Add Item from object,200,OK,Databank group 1-1,text,true,9843,111
1359052152240,138,Add Item from object,200,OK,Databank group 1-1,text,true,9840,111
1359052152698,177,Add Item from object,200,OK,Databank group 1-1,text,true,9840,149
1359052152901,229,Add Item from object,200,OK,Databank group 1-1,text,true,10106,199
1359052153155,139,Add Item from object,200,OK,Databank group 1-1,text,true,10375,110
1359052153533,203,Add Item from object,200,OK,Databank group 1-1,text,true,9840,175
1359052153767,479,Add Item from object,200,OK,Databank group 1-1,text,true,10106,449
1359052154477,143,Add Item from object,200,OK,Databank group 1-1,text,true,9840,115
1359052154847,753,Add Item from object,200,OK,Databank group 1-1,text,true,9840,725
1359052155843,162,Add Item from object,200,OK,Databank group 1-1,text,true,9840,133
1359052156237,136,Add Item from object,200,OK,Databank group 1-1,text,true,9840,108
1359052156406,132,Add Item from object,200,OK,Databank group 1-1,text,true,10109,104
1359052156775,247,Add Item from object,200,OK,Databank group 1-1,text,true,9838,219
1359052157263,203,Add Item from object,200,OK,Databank group 1-1,text,true,9805,172
1359052157497,144,Add Item from object,200,OK,Databank group 1-1,text,true,10106,110
1359052158083,137,Add Item from object,200,OK,Databank group 1-1,text,true,9840,109
1359052158469,159,Add Item from object,200,OK,Databank group 1-1,text,true,9840,133
1359052158866,230,Add Item from object,200,OK,Databank group 1-1,text,true,9840,204
1359052159348,128,Add Item from object,200,OK,Databank group 1-1,text,true,9843,101
1359052159706,129,Add Item from object,200,OK,Databank group 1-1,text,true,9843,102
1359052160084,129,Add Item from object,200,OK,Databank group 1-1,text,true,9840,102
1359052160239,135,Add Item from object,200,OK,Databank group 1-1,text,true,10109,106
1359052160630,181,Add Item from object,200,OK,Databank group 1-1,text,true,9837,150
1359052160840,157,Add Item from object,200,OK,Databank group 1-1,text,true,10104,127
1359052161253,141,Add Item from object,200,OK,Databank group 1-1,text,true,9843,113
1359052161635,205,Add Item from object,200,OK,Databank group 1-1,text,true,9840,178
1359052162161,147,Add Item from object,200,OK,Databank group 1-1,text,true,9840,120
1359052162334,132,Add Item from object,200,OK,Databank group 1-1,text,true,10104,105
1359052162712,189,Add Item from object,200,OK,Databank group 1-1,text,true,9806,162
1359052163147,140,Add Item from object,200,OK,Databank group 1-1,text,true,9843,112
1359052163319,184,Add Item from object,200,OK,Databank group 1-1,text,true,10108,156
1359052163736,138,Add Item from object,200,OK,Databank group 1-1,text,true,9843,110
1359052164178,170,Add Item from object,200,OK,Databank group 1-1,text,true,10108,140
1359052164606,146,Add Item from object,200,OK,Databank group 1-1,text,true,9840,117
1359052164778,137,Add Item from object,200,OK,Databank group 1-1,text,true,10106,108
1359052165167,138,Add Item from object,200,OK,Databank group 1-1,text,true,9840,110
1359052165330,136,Add Item from object,200,OK,Databank group 1-1,text,true,10106,107
1359052165700,9802,Add Item from object,200,OK,Databank group 1-1,text,true,9843,9771
1359052176190,627,Add Item from object,200,OK,Databank group 1-1,text,true,9840,599
1359052177128,260,Add Item from object,200,OK,Databank group 1-1,text,true,9840,111
1359052177620,207,Add Item from object,200,OK,Databank group 1-1,text,true,9840,179
1359052177852,132,Add Item from object,200,OK,Databank group 1-1,text,true,10109,105
1359052178013,128,Add Item from object,200,OK,Databank group 1-1,text,true,10374,100
1359052178166,132,Add Item from object,200,OK,Databank group 1-1,text,true,10643,104
1359052178325,145,Add Item from object,200,OK,Databank group 1-1,text,true,10909,115
1359052178929,131,Add Item from object,200,OK,Databank group 1-1,text,true,9838,104
1359052179085,131,Add Item from object,200,OK,Databank group 1-1,text,true,10107,103
1359052179449,138,Add Item from object,200,OK,Databank group 1-1,text,true,9840,110
1359052179619,187,Add Item from object,200,OK,Databank group 1-1,text,true,10103,160
1359052180073,437,Add Item from object,200,OK,Databank group 1-1,text,true,9840,403
1359052180946,141,Add Item from object,200,OK,Databank group 1-1,text,true,9840,114
1359052181113,142,Add Item from object,200,OK,Databank group 1-1,text,true,10106,115
1359052181486,219,Add Item from object,200,OK,Databank group 1-1,text,true,9840,190
1359052182099,125,Add Item from object,200,OK,Databank group 1-1,text,true,9840,98
1359052182461,199,Add Item from object,200,OK,Databank group 1-1,text,true,9837,124
1359052183044,130,Add Item from object,200,OK,Databank group 1-1,text,true,9843,102
1359052183410,213,Add Item from object,200,OK,Databank group 1-1,text,true,9840,186
1359052183649,131,Add Item from object,200,OK,Databank group 1-1,text,true,10106,104
1359052184028,455,Add Item from object,200,OK,Databank group 1-1,text,true,9840,427
1359052184509,358,Add Item from object,200,OK,Databank group 1-1,text,true,10106,219
1359052184892,135,Add Item from object,200,OK,Databank group 1-1,text,true,10372,107
1359052185053,201,Add Item from object,200,OK,Databank group 1-1,text,true,10638,171
1359052185487,172,Add Item from object,200,OK,Databank group 1-1,text,true,9841,143
1359052185898,861,Add Item from object,200,OK,Databank group 1-1,text,true,9840,702
1359052187080,132,Add Item from object,200,OK,Databank group 1-1,text,true,9840,104
1359052187447,175,Add Item from object,200,OK,Databank group 1-1,text,true,9840,148
1359052188042,137,Add Item from object,200,OK,Databank group 1-1,text,true,9840,109
1359052188211,142,Add Item from object,200,OK,Databank group 1-1,text,true,10109,106
1359052188597,362,Add Item from object,200,OK,Databank group 1-1,text,true,9840,334
1359052189210,132,Add Item from object,200,OK,Databank group 1-1,text,true,9843,105
1359052189642,147,Add Item from object,200,OK,Databank group 1-1,text,true,9840,119
1359052189821,189,Add Item from object,200,OK,Databank group 1-1,text,true,10106,160
1359052190035,142,Add Item from object,200,OK,Databank group 1-1,text,true,10363,112
1359052190416,179,Add Item from object,200,OK,Databank group 1-1,text,true,9840,150
1359052191045,137,Add Item from object,200,OK,Databank group 1-1,text,true,9843,108
1359052191210,134,Add Item from object,200,OK,Databank group 1-1,text,true,10111,106
1359052191371,169,Add Item from object,200,OK,Databank group 1-1,text,true,10379,140
1359052191884,142,Add Item from object,200,OK,Databank group 1-1,text,true,9843,114
1359052192282,142,Add Item from object,200,OK,Databank group 1-1,text,true,9838,115
1359052192540,159,Add Item from object,200,OK,Databank group 1-1,text,true,10069,126
1359052193211,136,Add Item from object,200,OK,Databank group 1-1,text,true,9840,107
1359052193597,129,Add Item from object,200,OK,Databank group 1-1,text,true,9840,101
1359052193752,149,Add Item from object,200,OK,Databank group 1-1,text,true,10106,120
1359052194145,182,Add Item from object,200,OK,Databank group 1-1,text,true,9840,153
1359052194359,137,Add Item from object,200,OK,Databank group 1-1,text,true,10106,109
1359052194748,130,Add Item from object,200,OK,Databank group 1-1,text,true,9840,101
1359052194909,143,Add Item from object,200,OK,Databank group 1-1,text,true,10106,107
1359052195290,304,Add Item from object,200,OK,Databank group 1-1,text,true,9843,274
1359052195835,145,Add Item from object,200,OK,Databank group 1-1,text,true,9843,116
1359052196231,157,Add Item from object,200,OK,Databank group 1-1,text,true,9840,128
1359052196651,124,Add Item from object,200,OK,Databank group 1-1,text,true,9843,96
1359052197106,132,Add Item from object,200,OK,Databank group 1-1,text,true,9843,103
1359052197477,146,Add Item from object,200,OK,Databank group 1-1,text,true,9840,116
1359052197859,133,Add Item from object,200,OK,Databank group 1-1,text,true,9838,105
1359052198019,136,Add Item from object,200,OK,Databank group 1-1,text,true,10104,108
1359052198422,369,Add Item from object,200,OK,Databank group 1-1,text,true,9840,342
1359052198822,144,Add Item from object,200,OK,Databank group 1-1,text,true,10106,114
1359052199211,151,Add Item from object,200,OK,Databank group 1-1,text,true,9840,124
1359052199392,220,Add Item from object,200,OK,Databank group 1-1,text,true,10106,192
1359052199837,129,Add Item from object,200,OK,Databank group 1-1,text,true,9843,102
1359052199996,134,Add Item from object,200,OK,Databank group 1-1,text,true,10111,106
1359052200156,140,Add Item from object,200,OK,Databank group 1-1,text,true,10376,110
1359052200531,140,Add Item from object,200,OK,Databank group 1-1,text,true,9843,112
1359052200902,209,Add Item from object,200,OK,Databank group 1-1,text,true,9840,179
1359052201419,268,Add Item from object,200,OK,Databank group 1-1,text,true,9840,239
1359052201918,184,Add Item from object,200,OK,Databank group 1-1,text,true,9840,155
1359052202128,133,Add Item from object,200,OK,Databank group 1-1,text,true,10109,105
1359052202287,141,Add Item from object,200,OK,Databank group 1-1,text,true,10377,112
1359052202672,134,Add Item from object,200,OK,Databank group 1-1,text,true,9831,105
1359052202837,142,Add Item from object,200,OK,Databank group 1-1,text,true,10091,115
1359052203217,132,Add Item from object,200,OK,Databank group 1-1,text,true,9839,102
1359052203596,127,Add Item from object,200,OK,Databank group 1-1,text,true,9841,99
1359052203749,143,Add Item from object,200,OK,Databank group 1-1,text,true,10109,115
1359052204145,149,Add Item from object,200,OK,Databank group 1-1,text,true,9843,116
1359052204623,134,Add Item from object,200,OK,Databank group 1-1,text,true,9843,106
1359052204990,141,Add Item from object,200,OK,Databank group 1-1,text,true,9840,114
1359052205373,136,Add Item from object,200,OK,Databank group 1-1,text,true,9840,106
1359052205833,156,Add Item from object,200,OK,Databank group 1-1,text,true,9840,127
1359052206017,247,Add Item from object,200,OK,Databank group 1-1,text,true,10106,217
1359052208456,137,Add Item from object,200,OK,Databank group 1-1,text,true,9843,108
1359052208832,137,Add Item from object,200,OK,Databank group 1-1,text,true,9843,109
1359052208996,126,Add Item from object,200,OK,Databank group 1-1,text,true,10108,98
1359052209368,171,Add Item from object,200,OK,Databank group 1-1,text,true,9840,142
1359052209569,135,Add Item from object,200,OK,Databank group 1-1,text,true,10106,100
1359052209955,197,Add Item from object,200,OK,Databank group 1-1,text,true,9840,165
1359052210397,126,Add Item from object,200,OK,Databank group 1-1,text,true,9840,94
1359052210793,135,Add Item from object,200,OK,Databank group 1-1,text,true,9841,102
1359052211172,259,Add Item from object,200,OK,Databank group 1-1,text,true,9840,228
1359052211745,131,Add Item from object,200,OK,Databank group 1-1,text,true,9840,104
1359052212103,145,Add Item from object,200,OK,Databank group 1-1,text,true,9840,117
1359052212274,123,Add Item from object,200,OK,Databank group 1-1,text,true,10106,94
1359052212643,140,Add Item from object,200,OK,Databank group 1-1,text,true,9840,112
1359052212809,149,Add Item from object,200,OK,Databank group 1-1,text,true,10106,119
1359052212989,139,Add Item from object,200,OK,Databank group 1-1,text,true,10375,111
1359052213371,705,Add Item from object,200,OK,Databank group 1-1,text,true,9837,675
1359052214103,133,Add Item from object,200,OK,Databank group 1-1,text,true,10104,105
1359052214262,287,Add Item from object,200,OK,Databank group 1-1,text,true,10370,258
1359052214795,136,Add Item from object,200,OK,Databank group 1-1,text,true,9840,108
1359052214958,158,Add Item from object,200,OK,Databank group 1-1,text,true,10106,123
1359052215352,131,Add Item from object,200,OK,Databank group 1-1,text,true,9843,103
1359052215516,138,Add Item from object,200,OK,Databank group 1-1,text,true,10108,109
1359052215903,225,Add Item from object,200,OK,Databank group 1-1,text,true,9843,196
1359052216359,124,Add Item from object,200,OK,Databank group 1-1,text,true,9840,98
1359052216815,153,Add Item from object,200,OK,Databank group 1-1,text,true,9838,125
1359052217001,142,Add Item from object,200,OK,Databank group 1-1,text,true,10074,113
1359052217379,140,Add Item from object,200,OK,Databank group 1-1,text,true,9840,113
1359052217549,276,Add Item from object,200,OK,Databank group 1-1,text,true,10103,248
1359052218057,128,Add Item from object,200,OK,Databank group 1-1,text,true,9843,101
1359052218453,131,Add Item from object,200,OK,Databank group 1-1,text,true,9843,105
1359052218915,133,Add Item from object,200,OK,Databank group 1-1,text,true,9840,106
1359052219291,132,Add Item from object,200,OK,Databank group 1-1,text,true,9840,105
1359052219450,131,Add Item from object,200,OK,Databank group 1-1,text,true,10109,104
1359052219839,135,Add Item from object,200,OK,Databank group 1-1,text,true,9837,108
1359052220002,137,Add Item from object,200,OK,Databank group 1-1,text,true,10104,108
1359052220394,132,Add Item from object,200,OK,Databank group 1-1,text,true,9840,104
1359052220558,126,Add Item from object,200,OK,Databank group 1-1,text,true,10106,98
1359052221014,132,Add Item from object,200,OK,Databank group 1-1,text,true,9840,104
1359052221391,131,Add Item from object,200,OK,Databank group 1-1,text,true,9843,105
1359052221847,128,Add Item from object,200,OK,Databank group 1-1,text,true,9838,100
1359052222215,129,Add Item from object,200,OK,Databank group 1-1,text,true,9803,101
1359052222582,150,Add Item from object,200,OK,Databank group 1-1,text,true,9840,122
1359052222758,143,Add Item from object,200,OK,Databank group 1-1,text,true,10106,115
1359052223144,320,Add Item from object,200,OK,Databank group 1-1,text,true,9840,292
1359052223490,146,Add Item from object,200,OK,Databank group 1-1,text,true,10106,117
1359052223872,145,Add Item from object,200,OK,Databank group 1-1,text,true,9831,118
1359052224253,365,Add Item from object,200,OK,Databank group 1-1,text,true,9840,330
1359052224859,155,Add Item from object,200,OK,Databank group 1-1,text,true,9843,127
1359052225352,363,Add Item from object,200,OK,Databank group 1-1,text,true,9837,334
1359052225959,129,Add Item from object,200,OK,Databank group 1-1,text,true,9843,100
1359052226114,138,Add Item from object,200,OK,Databank group 1-1,text,true,10108,110
1359052226508,134,Add Item from object,200,OK,Databank group 1-1,text,true,9831,107
1359052226677,262,Add Item from object,200,OK,Databank group 1-1,text,true,10097,234
1359052227173,225,Add Item from object,200,OK,Databank group 1-1,text,true,9840,197
1359052227639,152,Add Item from object,200,OK,Databank group 1-1,text,true,9842,122
1359052227817,134,Add Item from object,200,OK,Databank group 1-1,text,true,10106,106
1359052228191,143,Add Item from object,200,OK,Databank group 1-1,text,true,9844,115
1359052228580,228,Add Item from object,200,OK,Databank group 1-1,text,true,9840,200
1359052229049,145,Add Item from object,200,OK,Databank group 1-1,text,true,9843,114
1359052229227,297,Add Item from object,200,OK,Databank group 1-1,text,true,10108,266
1359052229860,132,Add Item from object,200,OK,Databank group 1-1,text,true,9843,104
1359052230025,133,Add Item from object,200,OK,Databank group 1-1,text,true,10111,105
1359052230189,132,Add Item from object,200,OK,Databank group 1-1,text,true,10379,103
1359052230579,135,Add Item from object,200,OK,Databank group 1-1,text,true,9843,107
1359052230954,589,Add Item from object,200,OK,Databank group 1-1,text,true,9840,561
1359052231805,158,Add Item from object,200,OK,Databank group 1-1,text,true,9840,127
1359052231990,145,Add Item from object,200,OK,Databank group 1-1,text,true,10109,109
1359052232376,137,Add Item from object,200,OK,Databank group 1-1,text,true,9840,106
1359052232805,136,Add Item from object,200,OK,Databank group 1-1,text,true,9843,104
1359052232968,163,Add Item from object,200,OK,Databank group 1-1,text,true,10111,135
1359052233158,291,Add Item from object,200,OK,Databank group 1-1,text,true,10376,262
1359052233721,168,Add Item from object,200,OK,Databank group 1-1,text,true,9839,139
1359052234133,182,Add Item from object,200,OK,Databank group 1-1,text,true,9838,155
1359052234595,145,Add Item from object,200,OK,Databank group 1-1,text,true,9843,117
1359052234846,384,Add Item from object,200,OK,Databank group 1-1,text,true,10111,356
1359052235488,166,Add Item from object,200,OK,Databank group 1-1,text,true,9840,138
1359052235681,178,Add Item from object,200,OK,Databank group 1-1,text,true,10106,149
1359052235886,328,Add Item from object,200,OK,Databank group 1-1,text,true,10375,299
1359052236479,130,Add Item from object,200,OK,Databank group 1-1,text,true,9840,101
1359052236939,147,Add Item from object,200,OK,Databank group 1-1,text,true,9840,120
1359052237114,300,Add Item from object,200,OK,Databank group 1-1,text,true,10106,263
1359052237763,155,Add Item from object,200,OK,Databank group 1-1,text,true,9840,124
1359052237945,134,Add Item from object,200,OK,Databank group 1-1,text,true,10109,105
1359052238320,130,Add Item from object,200,OK,Databank group 1-1,text,true,9840,103
1359052238480,136,Add Item from object,200,OK,Databank group 1-1,text,true,10109,101
1359052238871,267,Add Item from object,200,OK,Databank group 1-1,text,true,9840,240
1359052239166,225,Add Item from object,200,OK,Databank group 1-1,text,true,10106,196
1359052239639,128,Add Item from object,200,OK,Databank group 1-1,text,true,9840,101
1359052240089,131,Add Item from object,200,OK,Databank group 1-1,text,true,9839,103
1359052240483,255,Add Item from object,200,OK,Databank group 1-1,text,true,9838,228
1359052240986,237,Add Item from object,200,OK,Databank group 1-1,text,true,9840,208
1359052241478,204,Add Item from object,200,OK,Databank group 1-1,text,true,9840,178
1359052241710,750,Add Item from object,200,OK,Databank group 1-1,text,true,10106,722
1359052243126,164,Add Item from object,200,OK,Databank group 1-1,text,true,9840,137
1359052243535,147,Add Item from object,200,OK,Databank group 1-1,text,true,9840,118
1359052243714,159,Add Item from object,200,OK,Databank group 1-1,text,true,10106,130
1359052244130,149,Add Item from object,200,OK,Databank group 1-1,text,true,9843,121
1359052244310,227,Add Item from object,200,OK,Databank group 1-1,text,true,10111,198
1359052244769,136,Add Item from object,200,OK,Databank group 1-1,text,true,9840,109
1359052245138,168,Add Item from object,200,OK,Databank group 1-1,text,true,9840,140
1359052245625,579,Add Item from object,200,OK,Databank group 1-1,text,true,9837,549
1359052246234,159,Add Item from object,200,OK,Databank group 1-1,text,true,10104,130
1359052246421,152,Add Item from object,200,OK,Databank group 1-1,text,true,10370,118
1359052246809,359,Add Item from object,200,OK,Databank group 1-1,text,true,9843,333
1359052247410,122,Add Item from object,200,OK,Databank group 1-1,text,true,9841,95
1359052247780,167,Add Item from object,200,OK,Databank group 1-1,text,true,9808,138
1359052247976,134,Add Item from object,200,OK,Databank group 1-1,text,true,10111,106
1359052248137,148,Add Item from object,200,OK,Databank group 1-1,text,true,10376,120
1359052248518,133,Add Item from object,200,OK,Databank group 1-1,text,true,9840,102
1359052248883,225,Add Item from object,200,OK,Databank group 1-1,text,true,9840,196
1359052249134,143,Add Item from object,200,OK,Databank group 1-1,text,true,10106,114
1359052249537,177,Add Item from object,200,OK,Databank group 1-1,text,true,9840,151
1359052249946,199,Add Item from object,200,OK,Databank group 1-1,text,true,9840,172
1359052250179,229,Add Item from object,200,OK,Databank group 1-1,text,true,10109,122
1359052250648,265,Add Item from object,200,OK,Databank group 1-1,text,true,9840,237
1359052251147,273,Add Item from object,200,OK,Databank group 1-1,text,true,9840,239
1359052251682,140,Add Item from object,200,OK,Databank group 1-1,text,true,9840,112
1359052252070,132,Add Item from object,200,OK,Databank group 1-1,text,true,9840,104
1359052252228,145,Add Item from object,200,OK,Databank group 1-1,text,true,10106,118
1359052252606,153,Add Item from object,200,OK,Databank group 1-1,text,true,9840,126
1359052252999,134,Add Item from object,200,OK,Databank group 1-1,text,true,9841,107
1359052253160,128,Add Item from object,200,OK,Databank group 1-1,text,true,10109,99
1359052253621,164,Add Item from object,200,OK,Databank group 1-1,text,true,9840,136
1359052253814,149,Add Item from object,200,OK,Databank group 1-1,text,true,10106,115
1359052254218,155,Add Item from object,200,OK,Databank group 1-1,text,true,9840,124
1359052254951,168,Add Item from object,200,OK,Databank group 1-1,text,true,9840,135
1359052255345,139,Add Item from object,200,OK,Databank group 1-1,text,true,9840,107
1359052255511,135,Add Item from object,200,OK,Databank group 1-1,text,true,10106,107
1359052255887,182,Add Item from object,200,OK,Databank group 1-1,text,true,9840,154
1359052256100,135,Add Item from object,200,OK,Databank group 1-1,text,true,10109,107
1359052256484,132,Add Item from object,200,OK,Databank group 1-1,text,true,9840,104
1359052256648,1676,Add Item from object,200,OK,Databank group 1-1,text,true,10106,1647
1359052258575,144,Add Item from object,200,OK,Databank group 1-1,text,true,9840,116
1359052258752,131,Add Item from object,200,OK,Databank group 1-1,text,true,10106,103
1359052259137,178,Add Item from object,200,OK,Databank group 1-1,text,true,9840,149
1359052259346,351,Add Item from object,200,OK,Databank group 1-1,text,true,10109,322
1359052259728,571,Add Item from object,200,OK,Databank group 1-1,text,true,10374,542
1359052260626,140,Add Item from object,200,OK,Databank group 1-1,text,true,9843,113
1359052261022,133,Add Item from object,200,OK,Databank group 1-1,text,true,9841,105
1359052261183,361,Add Item from object,200,OK,Databank group 1-1,text,true,10073,333
1359052261856,150,Add Item from object,200,OK,Databank group 1-1,text,true,9843,121
1359052262234,132,Add Item from object,200,OK,Databank group 1-1,text,true,9843,105
1359052262393,148,Add Item from object,200,OK,Databank group 1-1,text,true,10105,121
1359052262867,153,Add Item from object,200,OK,Databank group 1-1,text,true,9840,123
1359052263288,179,Add Item from object,200,OK,Databank group 1-1,text,true,9843,148
1359052263504,157,Add Item from object,200,OK,Databank group 1-1,text,true,10105,129
1359052263693,149,Add Item from object,200,OK,Databank group 1-1,text,true,10372,120
1359052264092,124,Add Item from object,200,OK,Databank group 1-1,text,true,9840,96
1359052264248,539,Add Item from object,200,OK,Databank group 1-1,text,true,10106,511
1359052265041,150,Add Item from object,200,OK,Databank group 1-1,text,true,9840,123
1359052265430,149,Add Item from object,200,OK,Databank group 1-1,text,true,9843,122
1359052265838,151,Add Item from object,200,OK,Databank group 1-1,text,true,9843,123
1359052266309,155,Add Item from object,200,OK,Databank group 1-1,text,true,9840,128
1359052266491,189,Add Item from object,200,OK,Databank group 1-1,text,true,10106,157
1359052266921,539,Add Item from object,200,OK,Databank group 1-1,text,true,9838,506
1359052267805,169,Add Item from object,200,OK,Databank group 1-1,text,true,9843,143
1359052268220,137,Add Item from object,200,OK,Databank group 1-1,text,true,9840,110
1359052268588,132,Add Item from object,200,OK,Databank group 1-1,text,true,9840,104
1359052268959,252,Add Item from object,200,OK,Databank group 1-1,text,true,9843,224
1359052269458,209,Add Item from object,200,OK,Databank group 1-1,text,true,9840,181
1359052269909,168,Add Item from object,200,OK,Databank group 1-1,text,true,9843,140
1359052270324,215,Add Item from object,200,OK,Databank group 1-1,text,true,9840,187
1359052270794,156,Add Item from object,200,OK,Databank group 1-1,text,true,9840,128
1359052271060,130,Add Item from object,200,OK,Databank group 1-1,text,true,10109,102
1359052271427,154,Add Item from object,200,OK,Databank group 1-1,text,true,9840,126
1359052271611,174,Add Item from object,200,OK,Databank group 1-1,text,true,10106,144
1359052271818,145,Add Item from object,200,OK,Databank group 1-1,text,true,10375,116
1359052272218,178,Add Item from object,200,OK,Databank group 1-1,text,true,9840,144
1359052272645,139,Add Item from object,200,OK,Databank group 1-1,text,true,9839,111
1359052272813,159,Add Item from object,200,OK,Databank group 1-1,text,true,10104,124
1359052273001,134,Add Item from object,200,OK,Databank group 1-1,text,true,10370,106
1359052273377,142,Add Item from object,200,OK,Databank group 1-1,text,true,9840,109
1359052273546,142,Add Item from object,200,OK,Databank group 1-1,text,true,10109,109
1359052273936,152,Add Item from object,200,OK,Databank group 1-1,text,true,9843,124
1359052274121,150,Add Item from object,200,OK,Databank group 1-1,text,true,10108,122
1359052274513,150,Add Item from object,200,OK,Databank group 1-1,text,true,9843,120
1359052274920,132,Add Item from object,200,OK,Databank group 1-1,text,true,9843,104
1359052275371,166,Add Item from object,200,OK,Databank group 1-1,text,true,9840,137
1359052275564,145,Add Item from object,200,OK,Databank group 1-1,text,true,10106,115
1359052275961,222,Add Item from object,200,OK,Databank group 1-1,text,true,9843,194
1359052276428,242,Add Item from object,200,OK,Databank group 1-1,text,true,9840,215
1359052276700,205,Add Item from object,200,OK,Databank group 1-1,text,true,10109,177
1359052277139,144,Add Item from object,200,OK,Databank group 1-1,text,true,9837,116
1359052277311,131,Add Item from object,200,OK,Databank group 1-1,text,true,10104,104
1359052277903,258,Add Item from object,200,OK,Databank group 1-1,text,true,9840,231
1359052278393,137,Add Item from object,200,OK,Databank group 1-1,text,true,9839,110
1359052278557,154,Add Item from object,200,OK,Databank group 1-1,text,true,10104,117
1359052278954,135,Add Item from object,200,OK,Databank group 1-1,text,true,9844,107
1359052279129,147,Add Item from object,200,OK,Databank group 1-1,text,true,10108,114
1359052279305,148,Add Item from object,200,OK,Databank group 1-1,text,true,10374,110
1359052279700,137,Add Item from object,200,OK,Databank group 1-1,text,true,9840,105
1359052280144,131,Add Item from object,200,OK,Databank group 1-1,text,true,9843,99
1359052280517,486,Add Item from object,200,OK,Databank group 1-1,text,true,9840,459
1359052281245,127,Add Item from object,200,OK,Databank group 1-1,text,true,9840,99
1359052281414,150,Add Item from object,200,OK,Databank group 1-1,text,true,10106,122
1359052281804,139,Add Item from object,200,OK,Databank group 1-1,text,true,9840,112
1359052282191,211,Add Item from object,200,OK,Databank group 1-1,text,true,9840,183
1359052282429,128,Add Item from object,200,OK,Databank group 1-1,text,true,10109,100
1359052282865,137,Add Item from object,200,OK,Databank group 1-1,text,true,9840,110
1359052283243,132,Add Item from object,200,OK,Databank group 1-1,text,true,9843,105
1359052283617,133,Add Item from object,200,OK,Databank group 1-1,text,true,9840,107
1359052283785,144,Add Item from object,200,OK,Databank group 1-1,text,true,10106,116
1359052283956,163,Add Item from object,200,OK,Databank group 1-1,text,true,10371,135
1359052284146,138,Add Item from object,200,OK,Databank group 1-1,text,true,10633,108
1359052284608,228,Add Item from object,200,OK,Databank group 1-1,text,true,9841,200
1359052285085,149,Add Item from object,200,OK,Databank group 1-1,text,true,9840,122
1359052285476,177,Add Item from object,200,OK,Databank group 1-1,text,true,9843,150
1359052285682,137,Add Item from object,200,OK,Databank group 1-1,text,true,10111,109
1359052286075,134,Add Item from object,200,OK,Databank group 1-1,text,true,9843,107
1359052286459,130,Add Item from object,200,OK,Databank group 1-1,text,true,9843,104
1359052286838,138,Add Item from object,200,OK,Databank group 1-1,text,true,9843,110
1359052287009,136,Add Item from object,200,OK,Databank group 1-1,text,true,10108,107
1359052287178,141,Add Item from object,200,OK,Databank group 1-1,text,true,10374,111
1359052287347,133,Add Item from object,200,OK,Databank group 1-1,text,true,10640,105
1359052287730,144,Add Item from object,200,OK,Databank group 1-1,text,true,9840,117
1359052288112,201,Add Item from object,200,OK,Databank group 1-1,text,true,9840,175
1359052288565,208,Add Item from object,200,OK,Databank group 1-1,text,true,9840,180
1359052288807,362,Add Item from object,200,OK,Databank group 1-1,text,true,10106,334
1359052289410,283,Add Item from object,200,OK,Databank group 1-1,text,true,9843,255
1359052289924,137,Add Item from object,200,OK,Databank group 1-1,text,true,9841,110
1359052290305,254,Add Item from object,200,OK,Databank group 1-1,text,true,9840,226
1359052290592,139,Add Item from object,200,OK,Databank group 1-1,text,true,10109,103
1359052290994,146,Add Item from object,200,OK,Databank group 1-1,text,true,9840,110
1359052291390,146,Add Item from object,200,OK,Databank group 1-1,text,true,9843,119
1359052291564,145,Add Item from object,200,OK,Databank group 1-1,text,true,10108,112
1359052291959,135,Add Item from object,200,OK,Databank group 1-1,text,true,9840,104
1359052292120,148,Add Item from object,200,OK,Databank group 1-1,text,true,10109,120
1359052292509,212,Add Item from object,200,OK,Databank group 1-1,text,true,9843,182
1359052293556,157,Add Item from object,200,OK,Databank group 1-1,text,true,9843,131
1359052294047,129,Add Item from object,200,OK,Databank group 1-1,text,true,9840,101
1359052294439,244,Add Item from object,200,OK,Databank group 1-1,text,true,9843,217
1359052294714,254,Add Item from object,200,OK,Databank group 1-1,text,true,10111,227
1359052295001,151,Add Item from object,200,OK,Databank group 1-1,text,true,10379,122
1359052295406,140,Add Item from object,200,OK,Databank group 1-1,text,true,9840,112
1359052295579,173,Add Item from object,200,OK,Databank group 1-1,text,true,10106,145
1359052296023,340,Add Item from object,200,OK,Databank group 1-1,text,true,9838,311
1359052296613,144,Add Item from object,200,OK,Databank group 1-1,text,true,9802,117
1359052297001,137,Add Item from object,200,OK,Databank group 1-1,text,true,9843,109
1359052297384,132,Add Item from object,200,OK,Databank group 1-1,text,true,9840,104
1359052297812,148,Add Item from object,200,OK,Databank group 1-1,text,true,9840,120
1359052297996,179,Add Item from object,200,OK,Databank group 1-1,text,true,10106,149
1359052298497,601,Add Item from object,200,OK,Databank group 1-1,text,true,9840,572
1359052299348,135,Add Item from object,200,OK,Databank group 1-1,text,true,9840,106
1359052299648,176,Add Item from object,200,OK,Databank group 1-1,text,true,10106,147
1359052300078,146,Add Item from object,200,OK,Databank group 1-1,text,true,9840,118
1359052300483,448,Add Item from object,200,OK,Databank group 1-1,text,true,9843,421
1359052301186,159,Add Item from object,200,OK,Databank group 1-1,text,true,9843,130
1359052301373,167,Add Item from object,200,OK,Databank group 1-1,text,true,10108,137
1359052301779,135,Add Item from object,200,OK,Databank group 1-1,text,true,9840,107
1359052302157,268,Add Item from object,200,OK,Databank group 1-1,text,true,9840,239
1359052302460,139,Add Item from object,200,OK,Databank group 1-1,text,true,10107,107
1359052302632,161,Add Item from object,200,OK,Databank group 1-1,text,true,10372,126
1359052302824,263,Add Item from object,200,OK,Databank group 1-1,text,true,10641,233
1359052303115,150,Add Item from object,200,OK,Databank group 1-1,text,true,10874,119
1359052303514,171,Add Item from object,200,OK,Databank group 1-1,text,true,9840,142
1359052304034,151,Add Item from object,200,OK,Databank group 1-1,text,true,9840,123
1359052304431,409,Add Item from object,200,OK,Databank group 1-1,text,true,9840,382
1359052305095,173,Add Item from object,200,OK,Databank group 1-1,text,true,9840,144
1359052305299,180,Add Item from object,200,OK,Databank group 1-1,text,true,10106,149
1359052305719,164,Add Item from object,200,OK,Databank group 1-1,text,true,9843,135
1359052306124,194,Add Item from object,200,OK,Databank group 1-1,text,true,9840,167
1359052306561,160,Add Item from object,200,OK,Databank group 1-1,text,true,9840,133
1359052306968,183,Add Item from object,200,OK,Databank group 1-1,text,true,9840,155
1359052307391,588,Add Item from object,200,OK,Databank group 1-1,text,true,9840,560
1359052308238,220,Add Item from object,200,OK,Databank group 1-1,text,true,9840,193
1359052308698,134,Add Item from object,200,OK,Databank group 1-1,text,true,9839,107
1359052309157,510,Add Item from object,200,OK,Databank group 1-1,text,true,9838,406
1359052310001,128,Add Item from object,200,OK,Databank group 1-1,text,true,9840,101
1359052310610,138,Add Item from object,200,OK,Databank group 1-1,text,true,9843,108
1359052311005,214,Add Item from object,200,OK,Databank group 1-1,text,true,9840,187
1359052311460,153,Add Item from object,200,OK,Databank group 1-1,text,true,9840,125
1359052311642,186,Add Item from object,200,OK,Databank group 1-1,text,true,10106,158
1359052311860,174,Add Item from object,200,OK,Databank group 1-1,text,true,10375,144
1359052312286,274,Add Item from object,200,OK,Databank group 1-1,text,true,9840,247
1359052312906,131,Add Item from object,200,OK,Databank group 1-1,text,true,9840,103
1359052313068,347,Add Item from object,200,OK,Databank group 1-1,text,true,10106,318
1359052313664,208,Add Item from object,200,OK,Databank group 1-1,text,true,9840,176
1359052314228,404,Add Item from object,200,OK,Databank group 1-1,text,true,9843,374
1359052314939,168,Add Item from object,200,OK,Databank group 1-1,text,true,9840,140
1359052315351,149,Add Item from object,200,OK,Databank group 1-1,text,true,9841,116
1359052315530,143,Add Item from object,200,OK,Databank group 1-1,text,true,10109,106
1359052315701,150,Add Item from object,200,OK,Databank group 1-1,text,true,10374,120
1359052316094,237,Add Item from object,200,OK,Databank group 1-1,text,true,9840,210
1359052316590,252,Add Item from object,200,OK,Databank group 1-1,text,true,9840,225
1359052317101,163,Add Item from object,200,OK,Databank group 1-1,text,true,9843,136
1359052317299,144,Add Item from object,200,OK,Databank group 1-1,text,true,10108,116
1359052317697,274,Add Item from object,200,OK,Databank group 1-1,text,true,9843,248
1359052317999,128,Add Item from object,200,OK,Databank group 1-1,text,true,10108,100
1359052318377,150,Add Item from object,200,OK,Databank group 1-1,text,true,9843,123
1359052318853,252,Add Item from object,200,OK,Databank group 1-1,text,true,9840,225
1359052319361,129,Add Item from object,200,OK,Databank group 1-1,text,true,9840,102
1359052319747,150,Add Item from object,200,OK,Databank group 1-1,text,true,9843,123
1359052320140,126,Add Item from object,200,OK,Databank group 1-1,text,true,9840,99
1359052320294,356,Add Item from object,200,OK,Databank group 1-1,text,true,10106,326
1359052320944,136,Add Item from object,200,OK,Databank group 1-1,text,true,9840,108
1359052321107,135,Add Item from object,200,OK,Databank group 1-1,text,true,10097,107
1359052321476,150,Add Item from object,200,OK,Databank group 1-1,text,true,9838,110
1359052321879,281,Add Item from object,200,OK,Databank group 1-1,text,true,9840,254
1359052322412,125,Add Item from object,200,OK,Databank group 1-1,text,true,9843,97
1359052322841,127,Add Item from object,200,OK,Databank group 1-1,text,true,9840,101
1359052322995,132,Add Item from object,200,OK,Databank group 1-1,text,true,10109,105
1359052323451,130,Add Item from object,200,OK,Databank group 1-1,text,true,9840,103
1359052323821,138,Add Item from object,200,OK,Databank group 1-1,text,true,9840,111
1359052323986,355,Add Item from object,200,OK,Databank group 1-1,text,true,10109,324
1359052324373,867,Add Item from object,200,OK,Databank group 1-1,text,true,10374,837
1359052325269,153,Add Item from object,200,OK,Databank group 1-1,text,true,10640,122
1359052325659,234,Add Item from object,200,OK,Databank group 1-1,text,true,9840,207
1359052326130,141,Add Item from object,200,OK,Databank group 1-1,text,true,9840,113
1359052326511,136,Add Item from object,200,OK,Databank group 1-1,text,true,9840,108
1359052326890,137,Add Item from object,200,OK,Databank group 1-1,text,true,9837,110
1359052327055,250,Add Item from object,200,OK,Databank group 1-1,text,true,10107,221
1359052327559,274,Add Item from object,200,OK,Databank group 1-1,text,true,9839,246
1359052327870,228,Add Item from object,200,OK,Databank group 1-1,text,true,10104,119
1359052328342,143,Add Item from object,200,OK,Databank group 1-1,text,true,9844,117
1359052328830,141,Add Item from object,200,OK,Databank group 1-1,text,true,9840,114
